,01,02,03,05,06 & 07,08,09,10.1,10.2-3,10.4,10.5,10.6,10.7,10.8,10.9,11.01-6,11.07,12,13,14,15,16,17,18,19,20A,20B,20C,20.3,20.4,20.5,21,22,23OTHER,23.5-6,24.1-3,24.4-5,25OTHER,25.4,26,27,28,29,30.1,30.3,30OTHER,31,32,33.15,33.16,33OTHER,35.1,35.2-3,36,37,38,39,41-43,45,46,47,49.1-2,49.3-5,50,51,52,53,55,56,58,59-60,61,62,63,64,65.1-3,66,68.1-2,68.3,69.1,69.2,70,71,72,73,74,75,77,78,79,80,81,82,84,85,86,87-88,90,91,92,93,94,95,96
01,626.1776109,6.521026726,0,0,0,0.037596498,0,565.621145,141.3391525,23.62719647,462.1612668,178.3690242,51.37551672,194.5898947,92.4668417,20.16740277,13.34234331,23.19214554,0.016805347,0.007371845,0.757998676,0.527149423,0.097820276,0.059421888,0.026406852,1.030458658,0.610720469,0,0.012516526,15.78027872,2.27202923,4.930604571,38.08488635,0.006555416,0.071909927,0.020298359,0.058817518,0.000398966,0,0.014176701,0.338282884,0.535616171,0.08693718,0.010208977,0.01145411,0.006766144,0.160127777,0.490160064,0,0.0112765,0.159134922,0,0,0,0,0,0,15.38189949,0.126560437,63.81005433,1.875672112,0,2.918110447,0.972047558,0,0.00603143,0,41.60350285,103.3262176,0.00070825,0,0,4.580022027,0.006675808,0,0,0,6.090706742,0,0.152211751,0.199612508,0,1.080226595,0.367162717,0.003001931,0.230084825,0,11.47764048,0.466780456,0,0.02357939,0.002285152,0.287404916,0,0,0.99944199,0,0,0.015351603,0.002896792,0.740177891,0,0,0
02,0.239420615,28.54335425,0,0,0,0.000176278,0,2E-10,0.000353972,0.000511675,0,0.005443963,0,0.001061136,0.006136598,0,0,0,0.030055672,5E-10,6E-10,39.1446784,0.000879387,0.000710171,0,0.01061366,0.188496693,0.004845443,0.007257862,0.02779242,0.604446242,0.002991879,0.004052811,0.006521337,0.004230449,0.006064928,0.000176281,0.000176254,0,0.014103001,0,0.00158627,0.001233846,6E-10,0.012306183,0,0.661061828,0.573053977,0,0,0.000881324,0,0,0,0,0,0,11.14490159,0,2.095686081,0,0,0.084917808,0,0,0,0,4.846806756,0.944560572,0.012825014,0,0,0.499978479,0.000176269,0,0,0,0.024435056,0,0.007291351,0.007651775,0,0.033146079,1.138836497,0,0.00641832,0,0.783696279,0.014072857,0,0.006242272,0,0.007653433,0,0,0,0,0,0,0,3.236027183,0,0,0
03,0,0,31.67129544,0,0,0,0,0.510824709,269.399683,1.094632766,0,0.032859192,0,0,0,0,5.721661161,0,0,0,0,0,0,0,0,0,0,0,0,0,0,0,0,0,0,0,0,0,0,0,0,0,0,0,0,0,0,0,0,0,0,0,0,0,0,0,0,0.25194083,0.065700499,2.531469333,2.753065617,0,0.512832155,0.086551539,0,0,0,0.257533863,54.3489804,0,0,0,0,0,0,0,0,0.491569173,0,0,0.118338841,0,0.315565588,0.057705719,0.002779048,0.157798652,0,0.412720131,0,0,0,0,0.118364484,0,0,0,0,0,0.022817171,0.004305518,0.058998645,0,0,0
05,0,0,0,27.9503475,0,0,0,0.64307881,0.483178076,0.008132736,0.146373785,0.076290664,0.065364959,12.870474,0,0.004160019,0.003126904,0,0,0,0,0,0,0,16.97393545,0.000775968,0,0,0,1.042997289,0.08024723,0.021887697,0,0,0,0,0,0,0,0,0,0,0,0,0,0,0,0,0,0,0,1735.747329,346.9885402,0,0,0,0,23.81265749,0,0.865521993,0,0,15.57913969,0,0,0,0,0,11.71552846,0.098000803,0,0,4.471859511,0.523047745,0,0,0,0,0,3.724118754,6.279282885,0,17.63312974,42.50558307,0,2.290842454,0,6.195832904,11.55194602,0,1.014676152,0,8.044403994,0,0,0,0,0,0,0,0,0,0.588484009,0
06 & 07,0,0,0,0.018224272,634.3862395,0.002994042,9.076923586,3.2E-09,0.006012112,0.008690655,0,0.251149264,0,0.106411095,0.089140518,0,0,0,0.283287911,0.000465171,0.000563937,0,1.836149742,0,15474.55492,9.150560982,5.923138692,156.8419986,0.29096768,1.752114629,21.26890027,2.967289325,2.407021919,1.571373236,0.071826634,206.9782033,677.1472699,0.013735343,1.74497188,3.673827138,2.249841529,8.277298092,3.59703535,0.000159295,0.789567125,0.087380652,3.07539866,4.326768597,0.600668006,2.507778238,6.190116586,4905.831736,4538.30629,0,0,0,0,88.6844613,4.80936E-06,39.20673,8.32288E-05,0,49.73684545,0,0,0,0,0,56.2474123,0.637747621,0,0,47.85399196,2.256636369,0,0,0,3.236730985,0,10.87673666,18.10210114,0,60.78501294,121.3512212,0,7.067974471,0,36.90317529,34.275735,0,3.038556693,0,23.81473291,0,0,0,0,0,0,0,0,0,1.663262551,0
08,0,0,0,0,0,439.338901,0,0.906251862,0.003888985,1.290556205,0,0,0.039129292,8.913483626,0.021892775,0.001239093,0.000803536,0,0.906169175,0.205145232,0.186854869,2.722684005,16.61529427,0.238310169,1.515369554,175.7949675,71.99176914,1.657674262,28.27269826,1.021681462,14.04938396,10.84442083,5.174629784,281.2727245,414.9398734,0.155337657,17.33994847,4.249708069,2.304119166,12.22821022,0.04026821,9.220329608,0.104380907,0.015529806,0.521989604,0.105959894,0.201052699,119.4648937,0.010652575,0.180106653,7.67768191,0.01198693,0,0,1.983848579,0,0,1455.398078,0.038054638,164.0590092,13.77194608,4.819307029,38.16823025,0.00026631,0,37.09974493,0,9.230489692,27.32599959,0.371913369,1.812420868,6.1039E-06,5.518490891,0.498105971,0,0,0.001342332,1.364767258,0,1.161265771,2.572697147,0.030554528,5.498229193,1.787400801,0.452986577,1.289853823,0,5.214150599,3.884074158,13.37964656,1.983850503,2.765416619,3.062956796,1.000021316,0.029955562,0,0,0.983235811,0.225200618,2.991988198,1.679830564,0.921519908,1.21106E-07,1.86491597
09,0,0,0,0.00670583,233.4296828,0,3.339957997,0,0,0,0,0,0,0,0,0,0,0,0,0,0,0,0,0,0,0,0,0,0,0,0,0,0,0,0,0,0,0,0,0,0,0,0,0,0,0,0,0,0,0,0,0,0,0,0,0,0,0.818231788,1.76969E-06,1.770936338,3.0625E-05,0,1.401901939,0,0,0,0,0,0.718082467,0,0,0,0.181007783,0,0,0,0,0.020120136,0,0,0,0,3.145661222,0,0,0.114033295,0,0.053658507,0,0,0,0,0,0,0,0,0,0,0,0,0,0,0,0
10.1,0.945388753,0,0,0,0,0,0,221.9722392,2.974519741,1.760621356,0.671849081,1.386219039,11.65007516,43.57564628,14.2318845,0.314451574,0.225676548,0,0.058692181,0.070290801,20.00497563,0,0.004672361,0,2.047035185,0.079366322,0.804110314,0.000419397,0,3.513249388,0.337379572,0.113959231,0.006674718,0.937018166,4.83587E-05,1.754329219,0.002115707,0.019087582,0.107776674,3.086478227,0.208134074,0.047917084,0.888893415,0,0.003204094,0.000420674,0.008445946,0.018236537,0.002494221,0.011225495,0.372711274,0.005980315,0,0,0,0,0,0.575360774,0.128693247,40.50928347,27.54320689,0,0.537524967,0.000132863,2.907392535,0,0.940300564,18.36730009,39.24662272,0.004514236,0,0.896032667,2.115529415,0.003146777,4.67080359,0.872659134,0.043929541,0.270819566,0,0.013611757,0.033411524,1.922005961,1.043496442,0.023545722,1.369693963,0.082100532,0,0.454004783,1.150096704,0,0.005209546,0.048057234,8.104751806,1.995654606,0.063477972,0.9914568,2.980812428,0,0.227243167,0.043848899,1.67747435,0,0.052812619,0.930412203
10.2-3,0,0,0.960963093,0,0,0.000375001,0,2.816516654,22.88148258,1.101241306,4.868613296,2.348329605,11.82987668,12.59918901,54.91702093,1.828787529,2.361036997,0,0.002088731,0.001680329,0.120910313,0.001523807,0.000263594,0,0.015719529,0.240112887,0.060971671,0,0,0.996219096,0.277314134,2.706204041,0.035709691,0.000755038,0,0.877053762,0,0.000132028,0,0.00604151,0.002912526,0.018657469,0,0,0,0,0.004207171,0.007872091,0.001078701,0.003667756,0.011192699,0.774856243,0.15489941,0,0,0,0,0.426820243,0.054050464,122.945003,21.9833056,0,1.209206613,0.002626127,0,0.949309608,0.940420594,12.97802451,27.75138442,0.002814204,0,0.896145274,1.306400534,0.079326581,5.605679784,0,0.04907944,0.192819737,0,0.008565125,0.015707899,0.003069976,0.112686605,0.040543176,1.225435406,0.022351909,0,0.240960466,1.086130224,0,0.00431516,0.139091752,1.090557296,0,0.013367632,0,3.974923906,0,0.182071713,0.77664754,0.844371643,0,0.027356479,3.19432E-09
10.4,0.871472501,0,0,0,0,0.005055211,0,87.4219629,53.03552493,408.7253985,13.51240187,0,101.593394,105.2159444,169.7165497,0.142739465,1.194767622,0,0.029026476,0.001160847,0.460178169,0.013707343,0.244816336,0.014803148,12.47344058,1.763486748,9.784606992,0.094014274,17.49267085,13.72460266,7.928037586,6.25168547,0.526104386,0.07193512,0.141266162,0,0.001944503,0.00222815,0,0.242421488,0,0.067325529,0.013610221,3.86788E-05,0.002447632,0,0,0.034987117,0,0,0.048106587,0,0,0,0,0,0,2.008387521,1.021439063,27.29070846,57.59899962,0,2.232443484,3.55555143,1.786716583,1.772011955,0,0.001079679,51.47607843,0.011214697,0,7.10969E-05,1.396710799,0.021961747,10.3334681,6.30973E-05,0.094921337,0.642224354,0,0.038523596,0.143161116,7.016334172,0.393039883,1.397846103,1.100022003,0.167469576,0,0.878710383,0.351638097,0,0.149957293,3.238236807,6.861698577,0,0.099776415,2.741816,5.495508704,0,0.477249176,0.090064907,0.027590757,0,0.02371113,8.41243E-05
10.5,0.946652799,0,0,2.7348E-05,0.951984658,0.000551473,0.013621184,13.97961355,12.90271438,4.538585438,113.6055135,1.977311193,34.04787405,58.70839433,1.084919307,0.961193638,2.720555618,0,0.00219273,0.000891813,0.012386999,0.001715598,0.000942213,0.000775002,0.005246179,0.023873192,0.190605093,0.004838442,0.007249837,4.797058531,0.973638726,1.005520017,0.011680989,0.008826824,0.004272644,2.63450578,0.002926938,0.007215834,0.010624002,0.03908076,0.010024619,0.081627188,0.892440403,0.001993005,0.848354569,0.000675994,0.017369461,0.030643717,0.005217715,0.011118927,0.034645343,0.775793246,0.155086723,0,0,0.873947229,0,0.787881342,1.141298433,83.15890939,53.33664649,0.963032644,1.39085911,0.965570546,0.984412707,0.956448811,1.883738532,14.06870548,38.10613211,0.012469621,1.80166038,2.691558974,1.303491103,0.081877779,4.677048759,0.873894476,0.96629508,0.370909972,0,0.036396998,0.051990738,0.978825624,1.048649646,0.067257726,1.337940708,1.0066547,0,0.360638478,2.240454909,0,0.050323029,0.975946651,3.147419156,0,0.047000187,0.992782442,8.954393903,0,0.552183453,0.826505987,0.858968608,0,0.031874888,9.14242E-05
10.6,0,0,0,0,0,0.04118486,0,38.76757466,18.96994995,1.626785053,4.81114947,191.822202,130.9365442,45.81596264,76.2734372,46.03594881,0.376558365,0,0.088825184,0.025362555,0.199852987,0.048227374,19.7497454,3.51446E-05,0.027017439,0.340748364,0.246487688,0,0,3.745459704,0.592052097,4.836581713,0.050412684,0,0,0,0,0.000226919,0,0,0,0.104137819,0,0,0,0,0.015152522,0.318086959,0,0,0.107054761,0,0,0,0,0,0,0.772823045,0.039051468,19.12165281,16.10945845,0,0.700118057,0,0,0,0,5.571978104,19.7321123,0.247935809,0,0,0.258322521,0.017222442,0,0,0,0.147118187,0,0.056550954,0.042593522,0,0.474172785,0.025875853,0.023100212,0.099853375,0,0.604499495,0.271000758,0,0.025715247,0.00233799,0.168292742,0,0,0,0,0,0.133505815,0.025192065,0.007598675,0,0,0
10.7,0,0,0,0,0,0,0,0.014156322,0.014038689,3.58727E-05,0,0,2.916722933,0,0,0,0,0,0,0.000290914,0,0,0,0,0,0,0,0,0,0,0,0.003674607,0.000864109,0.001512308,0,1.756700332,0,0,0,0.012100881,0.005833662,0.029666244,0,0,0,0,0.00842678,0.015767454,0.002160591,0.007346356,0.015340212,0.776001585,0.155128372,0,0,0,0,0.381154351,0.115158794,29.89273823,51.53176107,0,0.012091922,0.96582985,0,0.956705665,0.941810663,16.2339174,44.51310325,0.000118955,0.000292336,0.897405112,0.098795727,0.002727049,1.871321911,0.874060601,0.937914101,0.169470875,0,0.006023838,0.003582026,0.002147023,0.010751493,0.024686573,0.071058191,0.008194495,0,0.071374859,1.075445873,0,0.005042604,0.037885294,1.039162576,0,0.013387391,0,5.971199068,0,0.427158983,0.080591472,0.024520998,0,0.001633352,3.19904E-09
10.8,2.842025047,0,0,2.73679E-05,0.952677421,0.005577328,0.013631097,49.10508613,43.47893311,1.680883461,26.02991721,25.06195193,75.90612429,555.8682691,22.1520518,13.00383664,19.55704014,0,0.016470041,0.002170073,0.067964694,0.020042023,0.014172726,0.003527672,1.061575301,0.870975289,1.16095355,0.028520762,0.045082966,45.46189054,6.740751238,11.77862345,0.076457038,1.136224808,4.559014948,1.762232229,0.914930703,0.062504854,0.010558948,0.089444054,0.007955438,0.883678753,0.901472726,0.000897821,0.003905704,0.00123263,0.011565129,0.040071713,0.004731929,0.010655403,0.186492831,0.776357794,0.155199581,0,0,0,0,9.892582373,1.232259454,35.41289507,100.3374013,0,3.731483205,1.932546392,1.942265639,18.08382643,0.942866347,25.99768534,72.11353964,0.018924174,2.704517606,1.795777975,3.95055578,0.108768418,57.10151765,0.874530413,1.417265213,1.599989245,0,0.091366901,0.167163661,2.88746557,1.495871416,1.16800698,2.55935223,0.205334027,0,1.731776805,3.699924949,0,0.131836251,1.784395639,20.58417278,0,0.145567446,0.993504894,6.969596708,0,0.996792001,0.900908003,1.716507093,0,0.053874791,9.14667E-05
10.9,180.8915979,0,4.812778503,0,0,0,0,8.312914755,1.041558877,0.448512773,0.488513321,0.309411637,0.354690883,0.607509715,25.1720757,0.011147232,0.007228842,0,0,0,0.062080869,0,0,0,0,0.108321284,0.027077478,0,0,0,0.088037727,0,0.013537656,0,0,0,0,0,0,0,0,0,0,0,0,0,0,0,0,0,0.008551518,0,0,0,0,0,0,0.040224839,0.010099306,6.159253965,8.322064274,0,0.06731177,0.013152395,0,0,0,0.03946181,0.865888633,0,6.9962E-06,0,1.159120559,0,0,0,8.47554E-08,1.630714894,0,0,0,0.000622124,0.030366932,0.008768977,0.740838756,0.000657,0,2.880957787,0,0,0,0.001866474,0,0,0,0,0,0,0.068653598,0.014816856,4.179601646,0,0,0
11.01-6,0,0,0,0,0,0.001878411,0,0.486936708,1.42430744,0.406777139,0.578063935,9.28401366,0.035444233,7.431246312,25.82021516,178.4906967,0.001563434,0,0,0.001086448,0.056008863,0.097790955,0,0.015791114,0,0.137457048,0.035497085,0,0,0.59497398,0.132988939,0.622861195,0.01399115,0,0,0,0,0,0,0,0,0,0.000532414,0.000399263,0,0,0,0,0.000665521,0,0.004688261,0.0119839,0,0,0,0,0,21.04970305,6.50074867,125.0277264,126.9586449,2.890853306,0.938011662,8.695681161,6.797113775,18.12361998,5.65464918,1749.586328,4907.735277,0,19.90642959,8.080070015,2.708504288,1.91641724,26.20738662,1.74871372,3.953275625,1.352531894,0,4.95250548,3.759685451,11.04897078,1.214408186,2.002289121,12.9088639,4.8755292,0,0.919209764,18.89287249,4.777237344,2.320753076,5.437324868,13.65147381,0,0.35189096,0,24.88842907,4.914936382,4.261356599,19.51592876,10.08509905,1.842573948,0.009579396,1.864444744
11.07,3.789096845,0,0,0,0,0,0,0,0.044499047,0,0,0,0,0.040120594,0,0.007551843,3.70641157,0,0,7.76072E-05,0,0,0,0,0,0,0,0,0,0.017311021,0.027027063,0,0,0,0,0,0,0,0,0,0,0.002161277,0,0,0,0,0,0,0,0,0.001259842,0,0,0,0,0,0,1.996810656,0.093524598,8.036849223,11.16355946,0.963664808,0.997423018,0,1.942127308,7.608651844,4.70963272,19.52532778,69.05940806,0.000103762,17.17928783,2.693401196,1.157802776,0.743264818,10.29626162,0.874399542,1.022309435,0.552898445,0,1.977772641,0.745537168,3.179490611,0,1.003243743,4.714495823,1.900571981,0,0.360587472,5.44024879,0.955494109,0.077803843,1.790474206,4.226967856,0,0.109772345,0,8.960271844,3.932141045,3.140774379,7.453841733,10.85683708,0.921331947,0.005951154,4.98625E-08
12,0.948168957,0,0,0,0,0,0,0,0,0,0,0,0,0,0,0,0,1.774962086,0,0,0,0,0,0,0,0,0,0,0,0,0,0,0,0,0,0,0,0,0,0,0,0,0,0,0,0,0,0,0,0,4.4824E-05,0,0,0,0,0,0,0.018959041,0.001181135,1.127157004,0,0,0.024240554,0,0,0,0,0.013811244,1.008898404,0,0,0,0.033276017,0,0,0,0,0.010348952,0,0.001729503,0.001731365,0,0.010388038,0,0,0.001731514,0,0.020908702,0.005195318,0,0,0,0,0,0,0,0.996526139,0,0,0,0,0,0,0
13,36.95541038,0,2.889186119,0,0,0.002290475,0,2.5E-09,0.00459933,0.007864777,0,0.089491727,0,0.027861224,0,0,0,0,791.3791869,309.1558307,18.1588224,0.034319585,10.43742934,0.243539181,0,0.143827161,9.721407057,0.060650207,0.1056135,8.742073365,8.160796764,0.087706612,66.92472744,11.06889218,6.856939539,0.042969076,0.202085858,0.406873905,0.503380272,0.620372987,0.604728912,2.450565728,93.97027169,0.125540623,9.385808606,0.047989347,7.710610004,30.97397323,0.51821527,0.519183127,0.930926883,0.179824284,0,0,0,0,0,86.32201028,55.03622257,38.92666206,209.1420015,0.96397042,4.265954018,0.978401486,2.096739818,5.714295685,4.710503431,9.865535002,40.04543125,1.673165518,3.595905069,1.80244428,8.649693926,0.981438827,0.93632063,4.376814588,0.011510155,2.567074528,0,3.004759262,0.085571015,2.187326406,2.144871967,2.451810678,5.38895885,0.430296093,0,7.449748461,3.640127202,0.95579713,0.327291721,7.9263913,0.300569906,3.000403261,0.065891358,1.987498375,16.93032542,1.966694032,2.949995951,1.065397438,3.444082012,0,0.177751167,27.98147633
14,0.021749284,2.592915851,0.962825361,0.000465255,16.19551736,0,2.632738408,0.144195097,0.114014302,0.001584869,0.02744807,0,4.875693959,2.413476403,0,0.000780088,0.000586358,0,4.401537017,53.21065315,0.023464912,0.224816891,0.038036833,0.142137096,0.998575412,0.000313687,0.032974092,0,0,0.226396036,0.015047992,0.00410439,0,0.085975984,0.001465648,0,0,0,0,0,0,0.039541298,0.004792298,0.003593795,0,0,0.057527512,2.596952689,0.008188826,0.002198525,0.046736127,0.107868055,0,0,0,1.749166538,0,29.39380718,7.900869722,26.45717918,15.67210032,0.963733518,5.183298605,0.005027689,3.884531567,3.804597174,4.712462609,11.31966707,38.24960963,0.057447119,15.33072531,6.291237621,8.293119024,1.221496901,16.84962941,3.498396273,5.700268019,2.61002985,0.952006073,4.930447908,0.763123104,3.532169217,4.646636184,5.01873929,6.823222231,3.971208481,0.994075557,3.807996122,7.666984566,0.955562237,8.130973848,22.01727437,5.600044858,66.99253829,1.149098024,2.980514903,42.81324011,0.983105353,2.064855557,3.712975758,6.14682506,0.921397639,0.2371823,16.78274829
15,0,0,0,0,0,0,0,0,0,0,0,0,0,0,0,0,0,0,0.320297676,1.261815235,92.08899862,0,0.046806626,0,0,0.000283623,0,6.15145E-05,0.00032989,0.007372285,0.139740366,0.004137957,0.784770976,0.008325781,0.003043795,0.007400091,0.125433515,0.643813867,0.503072929,0.293065414,0.05234446,1.184890628,53.26983997,0.562366114,34.84825566,0.046835407,43.33595714,0.47584275,0.088208996,0.020543743,0.633311247,0.125776051,0,0,0,0,0,18.66586315,216.0059646,96.52933983,87.56452473,2.889592082,8.325965075,0.00279433,3.485304842,2.85186041,7.534996822,19.52774943,63.0267405,0.005385137,18.96068178,8.973456263,5.531953182,0.704329984,13.09797642,2.636733476,4.737857939,1.349437554,0,0.050863837,0.090582966,3.098074239,4.729432108,5.096189057,5.302884026,3.037211456,0,1.43945187,8.874768882,0,3.411805621,7.191168242,8.712110587,13.99065303,0.177167097,0,35.82370184,2.947675253,1.883413267,7.556850891,6.715874402,0,0.089147415,19.58786888
16,9.478746717,0,0,8.215E-05,2.859640237,1.627873924,0.841703102,5.570596867,0.129066279,0.199354769,3.720755198,0.043596661,1.259710389,2.527463646,1.155129958,0.008768598,0.085934036,0.591470395,10.12816455,0.200288368,0.118925826,1164.133934,58.76593669,0.81011208,0.654976166,1.087019028,9.789395128,0.018119103,2.504115121,0.87737838,0.447821493,1.171368354,0.908075189,1.140874696,24.58424491,1.434216187,1.925754512,47.94291022,2.900214965,5.633598377,6.894315156,10.2834204,52.83673534,21.25755743,3.847550121,0.022835762,21.22195563,19.56984174,0.040906209,0.038174776,4.465637458,0,0,0,0,0,0,1193.980796,8.003219877,21.80435207,0.024989821,0,5.314132522,0.966816836,0.056016493,6.667789454,1.888041072,8.925841873,21.36789618,1.835378294,3.606545018,5.390174447,7.272054782,0,0,11.37474265,4.642643793,2.652728021,0.952541615,0.232299841,1.776492404,9.291434539,9.671700186,2.294878716,3.967167257,2.555615045,0,1.483135202,6.060390493,0,1.258214922,0.008338032,0.798127718,0,0.151575602,0.994063855,9.962168448,0.98365839,0.219058556,0,1.671231477,0,0.110572502,0.000457699
17,75.99352785,0,0,0,0,1.661373046,0,68.61489263,77.9332258,6.196151582,33.28153115,102.9673464,70.0164734,144.6475026,18.16118013,54.95036309,2.285151703,45.04870437,53.71345515,13.53244508,5.791143502,52.29739224,2320.618779,449.1782152,3.198654812,5.320615379,10.16238398,5.887286815,0.356201398,64.85511655,30.9192522,35.15830256,157.7613705,38.89366857,28.73671227,2.098075784,5.8243606,30.85140183,1.596641312,20.08079505,20.62818307,12.89220172,19.00557114,1.040307863,8.694705552,0.050796423,3.472466899,73.83405008,0.06213747,0.169689015,6.701973836,0.18809802,0.000398233,0,0,0,0,91.87314241,19.69690589,143.9332792,0.291456658,0,25.0419369,0.004271988,2.087893208,0,6.614895769,13.37966438,49.1698035,239.8713642,9.300664921,8.105123672,86.99486874,0.316584998,349.17306,60.50333268,37.28135841,59.73161314,0.954596108,13.43636685,5.943965962,18.94766174,27.82471175,6.552846608,153.0610651,8.171128036,1.993560093,13.43113487,18.2008503,0.958161947,2.319260223,16.77049911,4.693459553,62.16175404,1.310494564,2.988623715,32.94606276,0,2.36584957,0,4.181905543,0,2.145887629,29.91760704
18,0,0,0,0,0,0,0,0,0,0,0,0,0,8.80217E-05,0,0,0,0,0.011304989,0.001245596,0.000101431,0.008559998,1.430377688,5.217552427,0,0,0,0,0,0.001844362,0.001768756,0,0.078221158,0.003725107,0,0,0,0,0,0,0,0.018854676,0,0,0,0,0.000701859,0.395845358,0,0,0.000965002,0,0,0,0,0,0,0.013084713,0.000861176,7.040252762,0.917162637,0,0.010982251,0,0,0,0,5.83E-08,0.122284892,0.278674047,0.037252414,0,0.14242535,0.002172894,1.874334105,0,0.016112077,0.041063368,0,0.000175288,0.000796448,0,0.010461817,0,0.188904964,0.00878209,0,0.025731869,0.056076096,0,0.004968398,0.007959666,0.018808692,0,0,0,0,0,0.007638979,0.001441448,0.000434783,0,0,0
19,677.3976522,0.648269981,78.95667553,1.807691338,143.8634041,53.7122472,23.6688811,60.22702218,27.40844088,3.694178417,64.84210885,2.216022531,78.35513096,70.75250714,35.52502995,45.6511693,2.870052973,0,10.83594523,14.91031445,0.493583545,70.15514591,58.84927057,13.54108538,304.4210068,93.6618985,317.0080448,39.34411143,9.624619626,23.20477271,76.9040531,45.04905263,148.31035,47.78283435,100.3105542,352.3983356,31.58295807,78.13748393,2.295027184,40.51598883,75.02459577,115.0342405,53.35889217,8.007794541,38.67288727,0.137750622,5.848247313,11.07568408,0.83822536,1.915481923,28.1926463,11.26798682,5.121048339,1.883453295,0.991855437,0,0,564.9381968,277.6073881,1038.901975,358.1280911,4.818972507,1714.838891,174.1647551,1093.223507,97.15143396,187.4004086,8.619136991,521.3336307,2.475444928,36.27989777,8.989357798,202.3181835,1.219840779,317.3547676,1.768103791,6.791149121,23.70075965,1.904132627,1.685491048,2.66433196,42.64239126,138.9551883,9.700253473,71.92306748,8.411567624,0,99.2481101,88.72313943,1.911245406,15.88671326,24.96597605,7.188045392,149.9927853,2.202694158,2.980703504,6.970038249,0.983167562,5.118546831,1.883831525,28.74184947,0,4.402733295,61.5633771
20A,156.3525967,0,0,0.000492753,17.15271554,0.017795543,3.447614725,1.083185378,1.132653859,0.506135081,0.036607075,0.63189166,2.974313031,3.892912504,0.046464993,8.201244781,0.02194591,0,4.241392423,0.091425746,3.116434159,0.072074756,20.83973482,0.884926324,100.5095926,65.98435214,1466.974817,44.83289402,55.86896138,24.67502071,91.4452823,31.24382861,51.22285683,23.61048253,11.66662091,9.880693458,0.092469166,27.58927452,0.446088493,15.33888795,1.068572834,2.383795303,3.747646902,0.028439343,2.717490632,0.012032767,0.280856205,1.191307174,0.020034797,0.063784424,4.617863012,0,0,0,0,0,0,22.09493414,1.164993692,83.5369177,0,0,4.884217825,0.966528001,1.013388725,0.005997181,0.000623512,0.012437821,39.67486534,0.37923094,3.615263522,0.898169337,7.064688138,0.165349672,0,6.86085E-05,0.001783092,2.12165874,0,0.175842654,0.552662613,0.041444645,2.112561517,16.82017465,1.481130552,1.154466217,0,4.243720985,1.435385022,0,0.564905767,6.149824683,4.447340012,0,0.022283358,2.98130064,0,0,1.220260194,0,1.66824884,0,0.026039744,9.14413E-05
20B,9.477416714,0,0,0,0,9.896323399,0,0.044392212,1.324772358,1.78421426,0,21.35227159,8.757881617,2.871068713,0.072904815,17.31523397,0.020363478,0,346.2842103,5.225261289,26.78642543,40.63943055,255.0009285,4.35797558,309.0624479,553.6122874,4781.160337,118.5091903,304.0899775,126.618745,547.4945909,118.1590675,2715.536943,338.6062438,119.6467864,79.54230631,49.16133968,69.27090097,7.121081641,74.92333915,363.9172948,96.08748738,741.7563449,8.606295155,39.02740267,0.843231558,13.11572444,53.71471958,0.488525426,2.627199952,36.93706578,0,0,0,0,0,0,141.9188581,41.90188421,411.2276196,0.051819808,0.964140357,21.02465377,0,1.573635657,0,0.943887826,33.69264165,207.9699097,7.950202528,2.722825491,2.695421262,42.30004849,0.695268095,0,0,0.008365013,5.019756297,0,1.836605027,3.753839178,0.226549428,13.31371646,101.9209213,6.17148668,5.566018947,0,6.736922128,5.334935703,0,1.846435999,9.671605515,18.92123211,6.001864395,1.078896852,0,0,0,0.167617299,4.54121E-06,0.000661102,0,0.929429066,6.76857E-08
20C,336.3636662,0,0,0,0,0.000187896,0,0.00363871,1.92036953,0.022849203,0,1.112307465,0,0.160667683,0.132016231,0.000187554,0.040716712,0,26.05759206,0.351264151,0.301063634,0,10.80220603,0.111394337,6.392120439,36.19321276,46.05047146,224.3570294,119.4447753,8.175387482,15.45273622,6.100108161,28.44722693,0.694981651,9.782565129,0.076909297,0.069087086,8.407323332,0.177641679,4.075607193,3.722801537,9.295467916,2.869142214,0.027164723,6.81758002,0.010687131,0.186172837,1.0236065,0.034865506,0.035206346,2.922143525,0.017981075,0,0,0,0,0,21.71149541,0.151311546,32.01185985,20.3004252,0,4.141367464,0.00039948,0.11198909,5.707868849,0.001870407,0.03049482,6.277202243,0.151585941,0,2.694027002,7.36328599,0.281392015,0,0,0.003392454,3.465845101,0,0.078290162,0.145469276,0.064276261,1.629562092,5.926359097,1.178715189,1.268791068,0.994245058,5.704499945,0.405006329,0,0.193910757,4.397567981,0.640535799,0,0.013740269,21.86083617,0,0.983272983,0.167363955,0.03205546,0.84568127,0,0.027373063,2.797479707
20.3,5.685476083,0,0,0,0,0,0,0,1E-10,3.006E-07,0,0.003448098,0,0.021199904,0.00188725,0,0,0,2.148867927,0.066686334,0.180720834,11.83379042,41.48207502,47.87117348,0,0.092937176,0.422917456,0.182354491,122.6459913,3.817188279,0.215635991,0.061797246,16.1679726,13.54028823,7.956981727,0.461142513,2.012678199,59.74027128,0.844928649,7.929554764,7.915997659,16.78914925,117.0145228,5.84316964,4.347240219,0.044625553,0.512876969,4.863704104,0.055414415,0.050787055,5.878988406,0.053495791,4.29462E-05,0,0,0,0,149.0240487,6.838812555,17.29524248,23.066755,0.963975224,3.175404878,0.001198537,0.0699988,0.951387843,0.001870574,2.332171728,9.863669423,33.7504974,2.15156783,2.694725508,4.514007751,0.055890807,0,0,0.925482502,4.436804725,0,0.099385772,0.179004064,1.017514061,2.488250034,2.676244838,26.53252963,0.494084863,0,1.723854654,1.854229337,0,0.059651861,0.003194314,4.557052055,6.000836426,0.041247918,0,0,0.983351917,1.30123388,0.029967054,1.681419717,0,0.005690611,8.393112684
20.4,0.944631602,0,0,0,0,0,0,1.893775254,1.02041601,0.179611711,1.850453202,0.088733506,1.075632971,1.606254827,0.044643376,0.9114141,0.06241298,0,0.085178612,0.000532433,0.085094331,0.001680238,0.167270172,0.067007457,0.015704935,0,0,0.319713678,0,123.74656,0.010003295,5.325856779,0.013702359,0,0,0,0,0.000131906,0,0.499066599,0,0.000502022,0.001327386,0.000954467,0,0,0,0,0.001659241,0,0.087777183,0.02976504,1.07032E-05,0,0.988955363,1.744162532,0,9.444102064,7.862336771,18.60662235,12.86454621,0,4.0496423,0.000663783,0.96835468,0,0.93892588,5.407446815,4.959263052,0.022967085,0.900270383,0.000242489,3.183455194,0.002716899,6.53388792,0.000547154,0.983066494,1.408323875,0,0.011995292,0.030017016,1.046424826,2.51661953,3.02603381,3.347001571,1.052776759,0,0.178237983,1.146952677,0,1.105932633,1.758541111,3.321398988,0.997028155,1.020228274,0,3.971233508,0.98029289,0.161217622,0.015946395,1.670748408,0,0.03207412,4.649064742
20.5,18.99320052,5.186614586,0,6.313008297,0,7.491440224,0,38.43378043,17.70858087,3.529776796,11.70901621,11.70504211,4.975874538,109.9463424,67.41504706,0.081697832,0.480091855,2.956135487,3.57912733,0.227207267,9.212566769,33.93284946,122.5204206,127.9575722,62.26150245,12.07272277,184.6229298,5.544233804,15.20354856,60.41496559,577.7547398,7.162207295,32.38751847,8.069777715,46.99593557,5.40822758,4.823728,11.75628493,89.18542874,56.16752364,2.897652685,4.519187964,23.30462779,0.211454363,0.294594886,1.527021292,18.49742564,30.57782782,0.044025793,0.10101807,21.70703593,0.53342812,0,0,19.83884811,6.997722411,3.959559016,218.245115,62.52286298,168.3431107,202.194247,1.927758019,26.35196104,0.011851019,1.942559,30.44137231,1.892252059,4.655202434,40.4016928,16.32756756,72.37759167,12.57256796,20.45063964,5.708697608,6.553622885,2.628034953,1.947925639,11.69195879,0,1.368732698,1.81547357,1.186596027,3.704190241,37.55149669,31.14874455,24.91115854,5.965353771,2.877535054,26.27222252,3.822825977,11.8543159,134.5963625,19.96845728,3.000118741,0.494044204,5.961929719,79.66456455,17.69856783,11.03895555,56.79790319,24.91718866,1.843073477,0.081531012,82.9959464
21,189.4331182,0,0,0,0,0.005447034,0,2.290212666,15.94832678,7.319045772,6.986398167,29.19494153,0.038221717,8.688206791,360.1243342,0.005437133,0.0203511,0,2.134768229,0.532526619,0.937458602,0.534777622,0.322931138,0.010855775,17.84882312,1.647854179,0.2211088,0.10904239,0,118.6472545,1.264698168,2702.505509,5.793081432,0.001313652,2E-10,0.00647506,0.000771109,1.044084381,0,0.176989873,0,0.266279852,0,0.000399731,0.000553583,0,0.003219332,4.636E-06,0,0,2.34283434,0,0,0,0,0,0,3.788948929,16.7929569,105.294273,0,0,5.583791787,0,0,0,3.765778341,12.07735824,59.38035056,0.002373274,0,0,21.57953304,0.810383183,0,0.001165821,0.003747107,4.389957995,0,0.809277174,0.267161624,0.008565262,1.772691978,15.27828566,0.011631821,3.607989816,36.77395608,4.491831247,2.184508169,0,0.003749631,0.009206041,61.46134528,33.98989174,1.00056656,212.5705274,10.95018761,0,0,1.26296E-06,0.000133417,0,0.029586381,0.001554357
22,104.2197022,0,3.851748983,0,0,3.270831419,0,116.061692,77.16687341,8.106568826,106.3116116,12.66543074,73.57363803,118.1229574,14.26959561,15.69255161,4.873248054,0,1.099218083,1.148785873,9.760407538,37.76135082,3.628854457,2.055990935,7.332129638,5.476258875,15.95045862,0.642065619,22.2794578,143.5658119,53.89580056,61.99094195,1154.29817,1.750756941,24.40044082,15.54510126,9.048144678,96.2622753,5.693523825,44.5556807,56.20626608,144.2800284,767.2859301,29.92453492,47.46609751,0.482646465,43.08141906,18.7518564,0.460229986,0.755798353,31.43512537,0.106525482,0.000128821,0,0,0,0,1593.384874,229.203662,159.2775066,334.8319017,11.5661461,162.0798226,12.57593503,5.626111898,36.22582508,17.10511618,13.74964972,79.15123341,2.161612873,23.37836962,221.8051694,47.03300416,4.042599481,11.23439161,9.633026444,14.00173925,20.22334022,0.9521167,8.374812237,0.969903049,13.17097792,18.80949566,14.23206134,6.561885779,7.959784544,0.994191073,14.92534383,19.47717609,10.51240605,5.102539899,43.46374768,11.82108066,12.00005787,0.377132582,1.987240835,26.88585605,1.966439188,4.175412947,12.37773413,3.531769939,0,4.692792288,16.80107028
23OTHER,13.26621851,0,0,0,0,26.03807905,0,1.264623739,10.56026551,0.230519455,3.959581886,0.304283914,0.165925166,25.73560912,0.031107343,92.92978072,0.290161782,0,0.993881098,0.02192799,0.159348757,20.49023086,0.579614503,0.167200699,1.618974324,4.202875091,22.27503074,0.159691756,2.225724301,17.37197918,1.749489124,28.54009136,71.67939829,459.0170732,57.19331712,44.41158228,36.00964045,39.0463733,2.584099754,49.39289843,31.83271155,8.159142254,201.8456747,8.715407238,0.599004304,0.16685401,1.135487513,2.718807156,0.073716427,0.586640004,11.59289069,0,0,0,0,0,0,924.4751939,110.3390588,44.94180939,0.081596555,8.675847412,12.23147662,0,4.856921676,13.31953788,1.889962289,5.367865427,13.61159731,0.116859847,1.80159972,8.980495657,5.987668992,0.049829255,0,0.00686082,0.004280307,2.218158618,0,0.185943172,0.427726516,0.075199622,2.699212915,1.041011141,0.411032125,1.333828386,0,2.138907237,1.565372805,0,0.854967113,19.3690615,2.007280801,10.0014752,0.015249244,0,5.975487237,0.983359896,1.109039299,0.000747792,1.671013933,0,0.057919709,0.009147278
23.5-6,2.841443116,0,0,0,0,16.26625437,0,0,0,0,0,0,0,0.459255192,0,0,0,0,0.008279134,7.21452E-05,0.000374384,0.131237156,0.087617974,0.016575106,0,0.352397175,0,0.01674654,0.082500118,0.02600759,0.404974432,0.00438455,0,7.688394808,77.59677057,0.897183081,0.903517033,0.990985305,0.006683875,0,0.005036237,0.823107071,0.005376096,0.00153314,0.016971631,0.012659809,0.029496363,0.056399596,0.004310752,0.008287267,0.347279699,0.011982884,0,0,0,0,0,192.0236681,0.014881303,2.524878134,11.99413689,0,3.611863476,0.00026622,0,0,0.000623243,0.216675061,1.366582425,0.00121044,0.000225136,0.897633107,0.136594414,0.004591526,0,0,0.00153811,0.148576802,0,0.054021487,0.116998178,0.016469086,0.36147906,0.009468944,0.166730234,0.988256505,0,0.273273512,0.008350049,0,0.072912058,0.878426212,0.177429707,0,0.00646981,0,0,0,0.099204194,0.019087343,0.839199978,0,0.000689803,1.864286575
24.1-3,0.947542661,0,0,0.002053032,71.46596486,0.813651866,1.022549137,0.042028724,0.988548976,0.040500763,0.928077859,0.01256329,0.013894658,0.920717758,0.001094527,0.000397616,0.040678659,0,0.487662123,0,1.413947178,5.365070165,0.677365292,2.182961457,4.999187038,0.077721684,0.247368681,0.064838712,0.444700826,0,1.381427891,2.352302153,44.52643544,3.564694234,14.56490481,557.0321761,1.814312317,1383.481179,11.21048594,58.25279272,66.05882044,470.3792714,595.671053,24.30478981,24.25157381,0.210213276,7.178971738,7.800260314,1.959119166,2.569685104,127.9618184,0,0,0,0,0,0,64.07896427,34.64567965,61.53322053,0.034926473,3.855751611,19.21744517,0,0.377978886,0.951351009,0.943689886,0.059881923,39.43530988,0.540585553,0.000137585,2.694022563,12.45578601,0.06852459,0,5.247884037,0.001110823,4.159799541,0,0.695109698,0.86656136,0.000403664,15.19776924,5.838277265,0.004548473,1.510932093,0,5.351190186,1.196095588,0,0.076719914,0.005307069,3.085017555,0,5.41018E-05,0,0,0,1.94829E-05,3.55062E-07,0.000322564,0,0.142217147,9.60357E-09
24.4-5,126.0243836,0,0,0.000218992,7.623109426,0.000176186,0.109072955,0.741879443,10.1301627,0.083691072,0.16472493,0.106253697,0.073559882,14.65456053,0.034679023,0.004681568,0.207112905,0.591268897,2.017641519,0,1.742719795,6.183009613,10.62260199,1.335737875,4.440599098,7.44289079,47.60411968,10.29698512,1.297927497,9.205036906,10.96810927,42.77097349,90.62264145,75.75514374,33.68645603,24.49583565,3283.168805,1678.140009,43.89933656,238.8988809,567.1565842,545.5706136,1207.869878,11.85139133,397.1989641,1.136419731,18.94301721,24.441206,4.016567562,9.915931865,191.5771857,3.10611981,0.620935986,0,0,0,0,450.0742779,68.35154062,183.6673471,99.02904425,0.963947156,21.58912605,0.966487468,6.439702093,0.00599693,8.511372254,0.47503701,53.63586236,2.412816507,0,50.2891002,44.20782501,0.558109828,0,0,0.015376172,10.32704608,0,1.284834968,1.535579984,0.053049688,41.29153917,14.27876344,3.135389569,2.781455224,0,14.36474963,3.733033219,0,0.672155529,12.37727147,7.028973729,0,0.00944374,0,0,0,0.809543999,0.150612906,0.052635821,0,1.371212692,7.34658E-08
25OTHER,0.947595256,0,0,5.47505E-05,1.905864845,0.004757243,0.827820238,12.73479506,0.125885001,0.121651389,0.025444503,0.356453734,0.552059962,1.169514748,1.127190874,97.49647063,0.938363462,0,7.692984321,0.056060324,0.814274028,3.756735225,0.834218128,1.11890379,1.485991392,0.64052754,12.77513648,0.32146572,1.169744545,1.583210612,18.78084927,0.861980299,25.66955264,31.91394585,0.992137893,43.82952043,38.44040118,593.1243503,18.24388552,26.59186057,140.281138,685.95638,778.3741514,5.209700747,1398.470236,0.980845726,10.21324358,7.610712355,5.078413144,1.13442766,131.4053259,0.776565601,0.155241123,0,0,0,0,507.3571968,83.4580506,97.94532622,0.829780952,0,8.984083039,0,24.0153846,0,0,0.550798848,32.79370684,0.365396824,0,1.817E-06,23.13549032,0.086350376,0,0.002675743,1.58901E-05,2.239672358,0,0.722774228,0.811271858,0.010823718,81.59557311,11.06975099,0.013186371,1.739040869,0,6.845924146,1.951765609,0,0.261224181,3.516744072,10.6811797,2.000312391,0.035086288,0,0,0.983368426,0.004795665,0,0.003101043,0,0.302558819,0.003567343
25.4,0,0,0,2.73517E-05,0.952112679,0,0.013623016,0,0,0,0,0.001722623,0,0,0,0,0,0,0.004155903,0.001243628,0.008382215,0,0.017893694,0.010085942,0,0.000779204,0.000186441,0,0.000498743,0.003556405,0.1955077,8.1473E-06,6.175379063,0.000268331,0.011475832,0.006628302,0.011754844,0,96.97140148,4.27E-08,0.057378488,0.084913295,0.014535639,0.002150813,0.001865884,0.001147652,0.027160374,0.082596976,0,0.002101713,15.37497156,0,0,0,0,0,0,0.003337403,7.2E-09,0.246536385,1.249E-07,0,0.009926556,0,0,0,0,0,6.05859558,0,0,0,1.196454757,0.000382528,0,0,0,0.090729777,0,0.000382155,0.001147699,0,0.144603139,0.010712793,0,0.000847718,0,0.221119926,0.133336208,0,0.000382615,0,0.089144243,107.9239494,0,0,0,0,0,0,0,0,0,0
26,23.77669748,11.02022571,4.81427243,0.00021895,7.621650476,10.59357752,0.10905208,19.13538916,2.925054385,1.84858662,6.739491151,4.879582147,11.64554372,19.12363511,5.460994235,10.9620633,0.202117766,1.182311475,15.57061681,6.679595232,2.396369808,21.14140119,32.47562695,0,7.340947663,21.86499645,114.8653347,16.80646597,7.107254899,10.6746309,71.28635198,42.15159417,46.71565494,14.08192052,18.06450427,96.03590946,90.23763319,161.1063102,64.32805217,1372.76374,676.4815679,287.1292217,672.0793577,73.63131644,219.2277798,0.47624727,2.949319271,14.11303546,1.407105665,4.099518571,201.0742742,0.769380549,0.155869806,0,0,0,0,657.2746365,145.3237979,120.6003175,37.82369762,6.746338694,103.2311781,5.810971458,25.9058838,70.4231515,29.62995695,33.66302476,131.2457605,19.38034282,108.9459187,3344.792507,507.2200305,51.63294509,0,42.8574738,50.47406757,79.1648263,1.90406974,15.75657902,1.921111155,6.112698313,83.04331149,36.27987404,24.03549728,62.41499755,35.78780257,65.31216814,41.87900586,34.40128111,20.65727282,17.95595578,22.23600657,1177.904437,5.776012143,84.45047674,119.4824237,15.73016145,18.47808943,34.77459498,39.21806353,0.92142551,110.4863259,0.010072293
27,43.58502151,0,0.96298667,0.902913427,36.20780982,0.813615634,0.518068493,0.963090627,1.032980297,0.06115263,0.944327601,0.011627802,1.998814422,0.888520701,0.85615462,0.912545348,0.041480412,1.182473786,0.507926371,0.001465156,1.104416874,4.547191364,3.007651237,0,1.11223804,0.055031283,2.064074174,0.862226398,0.465876101,1.253588341,0.597083664,1.137726303,19.35711599,0.833434504,2.76746694,10.95077036,0.970928246,5.217639678,21.02333131,33.99847967,437.3612708,266.1614192,594.0834155,35.01552559,1.229473826,0.341648069,0.079279462,7.969016178,0.714356948,1.60056548,55.54737997,5.43270509,1.086836813,0,0,0,0,1119.491614,33.33067457,24.76834253,1.939713396,4.819474897,197.4857539,6.767677736,0,0.041976238,40.72338246,2.160258679,20.38693225,1.142602125,35.45218747,326.9346799,147.9069955,11.4730016,0,13.99373427,13.92219165,29.19069533,0.952165569,8.845708342,0.144649876,1.367686323,5.318749235,12.93712746,23.02153687,8.897117681,0,135.760574,10.94478543,1.911444658,26.28323047,4.288514636,3.38730674,102.0057273,8.058229406,0.993671416,5.974941336,0,6.123208583,7.111073959,15.88799718,0,68.46653237,0
28,58.79286925,2.594501482,3.853656609,55.94397699,104.8586085,35.83137009,1.500337677,157.3473055,22.39379631,3.09435647,40.42251737,40.89931106,83.47058947,128.0379549,22.73729649,73.16589797,1.355944394,0,1.556678461,7.764807223,1.835126719,78.13558616,221.2437743,112.1582429,65.60796303,26.16078018,50.16742556,18.17498403,17.46351279,14.17522558,33.18537077,60.61466043,109.0716935,65.79586983,86.79249262,311.8695581,144.669243,260.5626491,64.8812529,109.3129382,333.876206,739.3231717,1176.962122,207.1543228,96.232752,16.34785176,32.32967511,53.48008191,6.386981031,14.06900018,234.0583507,181.2589739,53.88269178,174.3149389,0,95.38787268,0,1325.574359,621.253258,305.8015993,53.3267693,32.7869774,91.20212589,4.844852136,1.663903197,6.692112947,9.483085904,7.353949405,76.67815089,20.21001498,54.87304506,88.07155665,66.79892928,5.079825697,0,25.41340539,12.08403547,81.1361272,0,11.32224731,3.169538933,1.020180397,24.54244616,13.24390785,33.00572952,34.78429014,0,34.8620966,18.63085516,1.912293173,37.15541114,6.470748906,9.740802141,42.02100367,0.409476257,0,21.91784353,0,3.740884537,2.820904357,29.53145723,0,12.67328554,0.051334946
29,39.87664636,10.3720004,0,0,0,21.96553676,1.600725173,13.10725504,1.454015661,0.743588962,14.85482674,0.145305804,15.32857244,7.073540676,4.470072615,30.07755144,0.3550932,0,10.38419426,3.79415171,1.156669161,18.63324142,13.87275892,6.628711484,2.215386907,5.50648161,19.80138958,6.444637409,0.929419951,1.101429573,4.726229719,5.709480534,49.47149143,14.76811987,28.91182388,34.49286707,32.67171474,3.878360766,13.25369105,59.0900906,99.05430415,16.92299724,595.28346,2.91805682,0.41807788,38.77601813,1.839103462,5.156203574,0.087803157,0.650852493,24.81391946,0.776052635,0.15580575,0,0,0,0,170.1109369,3027.913588,326.3878025,208.0137024,3.855059326,688.7763138,4.831656459,7.769315564,78.0267552,144.1211235,10.08462674,75.58555282,4.769859995,5.744663757,70.10789292,120.0386638,9.915897311,1.872241876,51.80317504,36.56958187,70.98642851,1.90407401,0,10.4281819,39.81571889,50.37734825,8.083209728,10.84706532,22.03153824,0.994107856,723.5844236,44.17807863,29.62339182,355.641098,17.10419208,41.33083234,80.99361065,1.545002944,18.87720772,3.982756388,0.983137295,5.130671545,4.558950855,30.43693664,0.921427577,26.43404081,1.209987665
30.1,0,0,0,0,0,0,2.401939266,0,0,0,0,0,0,0,0,0,0,0,0.122278742,0.122280276,0,0.244411503,0,0,0,0,0,0,0,0,0,0,0,0.122288656,0,0,0,0,0,0,0.122298566,0,0,173.5791761,0,0,0,0.489037956,0,0,0.244594602,0,0,0,0,0,0,1.143968808,0,0.487248049,0.024081314,0,0.071373636,2.899942042,0,0.017993766,0,0,0.376500256,0,0,0,3.077656249,0,0,0,0,0.002601198,0,0,0,0,0.289974054,0,0,0.005144181,0,0.155208174,0,0,0,0,0,0,0,0,0,0,0,0,0,0,0,0
30.3,2.842330206,0,0,0.001149577,40.01674797,0,10.17763703,0,0,0.000234484,0,0,0,0.000274397,0,0,0,0,0,2.8324E-06,7.4406E-06,0,0,0.324753769,0.054118967,0.034083127,0.795506501,8.34456E-05,1.47085E-05,0.000423079,2.027209575,0.016706207,1.221188296,0.000774661,2.45666E-05,0.326475253,5.710545885,13.70752563,18.92595663,10.82036976,4.408595574,50.56043373,4.108798088,5.545317429,2385.183412,1.142074963,13.3218963,3.76023917,5.843401576,84.92133709,13.28554928,0,0,0,0,0,0,13.28231119,0,66.91387198,0.643635006,0,7.462177998,0,402.456525,0,0.007481903,1.330309703,14.00030574,0.028296926,2.6899175,10.78104034,20.51093231,0.921285228,0,16.61655862,0.001006553,2.973298343,0,0.48965104,0.24543562,0.075175952,125.5930491,9.433749025,0.581181414,2.501108543,0,4.888777858,1.78734495,1.911329536,0.003357065,0.011412523,0.751327495,745.9969553,0.020755148,0,0,0,0.163074436,0,2.502645184,0,0.152448973,5.78293E-09
30OTHER,0.946866704,0,0,0,0,0,0,0,0,0,0,0,0,0,0,0,0,0,0.007082029,2.47473E-05,5.95105E-05,0.005653041,0.000290621,0,0,8.9896E-06,0.006218,1.52503E-05,0.001136372,0.016945398,0.030926208,0.002157674,0,0.000442339,5.70684E-05,0.002604237,0.002590413,0.056874346,17.54649503,0.82637856,0.027989976,0.081368494,5.8864E-05,0.00018105,0.000228786,10.03973972,0.024348234,0.002121642,1.16524E-05,0.000138734,6.277481186,0,0,0,0,0,0,3.524031289,0,0.292670545,0,26.971007,0.014319853,0,0.970645913,9.506723354,0,0.00175124,1.345082044,0.001605658,0.897723039,1.24652E-05,1.520848162,0,0,0,2.89574E-05,0.156835524,0,0.01000856,0.008662899,0.008790392,0.015242247,0.979580367,0.040058161,0.006659614,0,0.660892257,1.091688457,0,0.035193001,0.8786063,0.073545195,0.999387233,0.010828729,0,0,0,0.054561596,0,0.000133079,0,0.025762465,0
31,0,0,0,0,0,0,0,0.906168493,0,0.006542446,0,0.00429457,0.03912565,0.004134769,0.020980965,0.001238977,0.000803462,0,3.567417752,0.051789614,0.027554359,0.153483323,0.049980515,0.0322365,0,0,0.032186269,0.001034628,0.003959803,0.033877308,0.049663604,0.011269167,0.1813478,1.055281337,1.816765231,0.009039544,0.007119289,1.049531033,0.084335168,1.607448642,0.922570253,1.568694602,4.017561669,0.130197077,0.871827061,0.0059328,11.45912273,0.15054088,0.009062967,0.011968905,0.4660353,0.787809834,0.155259411,0,0,0,0,11.54210239,0.236005682,1.459585025,16.5028903,0,2.029003443,0.966577828,0.013996804,1.908369778,0,3.266711224,10.29401325,0.003005768,0.90760673,0.000138554,0.389841235,0.148434659,11.23353123,0,0.103252477,5.532152234,0,1.016550712,0.028907292,2.000832907,3.500528206,0.032725011,2.804197963,0.162091034,0,2.261470212,7.453257086,0,0.073516216,1.759833719,11.14640657,43.99684247,0.131475829,0,1.991392372,0,0.19329354,1.504507051,4.177264791,0,0.000351942,1.864742303
32,49.30244273,0,1.927240581,5.47811E-05,1.906928086,2.454228938,0.027284704,10.27545055,6.874708798,1.669767556,4.935353668,10.72307259,9.316989489,22.90397744,4.383713632,0.022626554,0.236429808,1.183251824,11.82985588,22.21243288,4.321037925,16.16331471,46.44299939,320.2037992,9.167152768,10.49894325,73.92640638,5.071456198,10.12333326,9.949343105,35.28948039,2.123649217,55.81917502,29.58135232,5.835385294,0.957214604,0.416700625,76.33587744,5.811054508,7.276470191,30.83795238,384.6609246,185.9115895,25.65627791,43.71661963,0.254024998,0.471309717,31.44743073,1.150513111,0.44211846,63.45319962,1.780890068,0.310752141,0,0.992611524,0,0,300.9013997,93.53363439,46.79770455,2.994792818,0,51.13865502,5.812756439,9.461810194,0.987937889,16.11682901,18.66111832,61.73441082,54.09551711,16.43713425,138.3814439,85.01318175,0.095868997,100.2443816,34.13793698,68.36074498,18.98984668,0,37.61976123,7.804998257,26.10146073,55.8390421,12.140207,81.76477329,11.86566506,12.93365173,13.98347057,11.21818406,0,1.190498674,13.37493677,39.5807208,10.00714161,2.472274058,5.965951361,65.76759964,1.967834051,5.857172595,0,5.035323338,0,5.504871868,35.46564116
33.15,0,0,0.962807473,0.000136837,4.763298962,0,0.868475936,0,0,0,0,0,0,0,0,0,0,0,0.001470656,0.001366603,1.34862E-05,0.004973634,8.89139E-05,9.632E-07,0,1.011E-06,4.646E-06,3.5524E-06,4.4986E-06,1.22923E-05,0,0.000113033,0,0.001364246,0,3.28752E-05,1.82921E-05,0.002136097,1.8854E-06,9.87939E-05,0.001358322,0.000151235,6.5E-09,2.16674846,0,0,0,0.00490991,0.746718549,7.9838E-06,0.004954829,0,0,0,0,0,0,0.522827688,3.61E-08,0.099356815,0.561670059,0,0.052388371,67.64050328,0,4.224210755,0,0.007893873,0.501700007,0,0,0,0.355927779,0,0,0,0,0.075440303,0,0,0,0,0.160808276,0.001754254,0,0.004040962,0,0.25844854,0,0,0,0,0,0,0,0,0,0,0,0,0.001754079,0,0,0
33.16,0.947508013,0,0,0.000355846,12.38698095,0,1.778189456,0,0,0,0,0,0,0,0,0,0,0,0.007115092,0,0,0,0,0.034853621,0,0,0,0,0,0,0.370988359,0,0.283419771,0,0,0.034962962,0.611858239,1.468236191,2.494015271,1.153835701,0.38456633,9.144767195,0.902820069,0.594248856,258.500955,0.122370801,1.738187174,0.401918154,1.480378122,252.9863705,2.508681113,0,0,0,0,0,0,1.604011197,0.984033919,10.99527869,0.124425878,0,1.587520764,0,67.98389178,8.561845998,0.00187044,0.726967803,2.518898796,0.001920029,0,2.693924053,5.696135416,0.073755393,0,6.86025E-05,0.000515844,0.152938964,0,0.052390673,0.259680006,0.001138176,20.86036732,1.789670507,0.149523294,0.330368192,0,0.654558174,0.085658434,0,0.000903342,0.003522097,0.161581375,0,0,0,0,0,0,0.743728351,0.834087543,0,0.027134682,9.14742E-05
33OTHER,0,0,0,0,0,0,0,0,0,0,0,0,0,0,0,0,0,0,0,0,0,0,0,0,0,0,0,0,0,0,0,0,0,0,0,0,0,0,0,0,0,0,0,0,0,0,0,0,0,0,0,0,0,0,0,0,0,0,0,0,0,0,0,0,0,0,0,0,0,0,0,0,0,0,0,0,0,0,0,0,0,0,0,0,0,0,0,0,0,0,0,0,0,0,0,0,0,0,0,0,0,0,0,0
35.1,0,0,0,0,0,0,0,0,0,0,0,0.000492424,0,0,0,0,0,0,0.000566969,0.000313474,0.002329051,0,0.004665599,0.002846528,0,0.000223735,2.20771E-05,0,0.000109555,0.000978011,0.006234833,2.5696E-06,1.84301726,0,0.003280449,0.00098419,0.002843246,0,0,0,0.016402054,0.024273057,0.004155117,0.000494994,0.000546775,0.000328065,0.007763988,0.02361141,0,0.000546755,0.002296264,251.5165521,51.26254007,0,0,0,0,3.405159624,0,0.088030577,0,0,2.143129637,0,0,0,0,0,1.421599099,0.014200698,0,0,0.65312637,0.076042387,0,0,0,0.001470528,0,0.539644824,0.909965806,0,2.554357181,6.16228696,0,0.331806514,0,0.901521359,1.67396608,0,0.147036039,0,1.166463212,0,0,0,0,0,0,0,0,0,0.085273626,0
35.2-3,0,0,0,0,0,0,0,0,0,0,0,0,0,0,0,0,0,0,0,0,0,0,0,0,0,0,0,0,0,0,0,0,0,0,0,0,0,0,0,0,0,0,0,0,0,0,0,0,0,0,0,0,0,0,0,0,0,0,0,0,0,0,0,0,0,0,0,0,0,0,0,0,0,0,0,0,0,0,0,0,0,0,0,0,0,0,0,0,0,0,0,0,0,0,0,0,0,0,0,0,0,0,0,0
36,0,0,0,0,0,0,0,0,0,0,0,0,0,0,0,0,0,0,0,0,0,0,0,0,0,0,0,0,0,0,0,0,0,0,0,0,0,0,0,0,0,0,0,0,0,0,0,0,0,0,0,0,0,0,0,0,0,0,0,0,0,0,0,0,0,0,0,0,0,0,0,0,0,0,0,0,0,0,0,0,0,0,0,0,0,0,0,0,0,0,0,0,0,0,0,0,0,0,0,0,0,0,0,0
37,0,0,0,0,0,0,0,0,0,0,0,0,0,0,0,0,0,0,0,0,0,0,0,0,0,0,0,0,0,0,0,0,0,0,0,0,0,0,0,0,0,0,0,0,0,0,0,0,0,0,0,0,0,0,0,0,0,0,0,0,0,0,0,0,0,0,0,0,0,0,0,0,0,0,0,0,0,0,0,0,0,0,0,0,0,0,0,0,0,0,0,0,0,0,0,0,0,0,0,0,0,0,0,0
38,3.789574706,0,0,8.21084E-05,2.858189124,0,0.040895534,17.25238248,0.123521379,0.35081836,4.642778082,0.099680483,4.683661087,0.09465089,2.905736496,4.578258212,0.115869996,0,7.475511194,12.95346904,1.093620505,0.090109936,17.28094869,2.489692359,3.11633481,1.086507953,15.95684288,2.861994565,1.688911698,2.36243901,0.884512416,7.748851715,15.8268463,11.06068821,7.299079665,349.5004402,157.2616302,11.09482665,0.543646144,4.582955452,2.584566851,9.46173644,6.257228299,0.032689381,6.150363715,0.030279507,2.318270798,5.096369188,0.548042533,1.858720826,5.034276224,0.203761937,0,0,1.983694077,326.2374394,0,72.7853119,30.83573211,24.81784883,39.77040615,0,29.41245401,0.00452692,0.097979118,30.43844563,14.13566786,0.170677662,24.71208532,4.060167307,0,15.27164522,20.88419081,0.866847048,38.38181503,0.00212642,28.01188038,9.962340592,2.856174756,1.036699656,1.298717403,4.387277604,15.0960517,12.22039945,30.97512056,6.903656387,4.97065021,21.08853928,0.756272136,0,2.078860416,44.82124185,18.1028618,120.993158,0.170265732,156.9823886,0,0,0.319533829,0.046899774,27.53312587,0,1.418797256,31.70393641
39,0,0,0,0,0,0,0,0,0,0,0,0,0,0,0,0,0,0,0,0,0,0,0,0,0,0,0,0,0,0,0,0,0,0,0,0,0,0,0,0,0,0,0,0,0,0,0,0,0,0,0,0,0,0,0,0,0,0,0,0,0,0,0,0,0,0,0,0,0,0,0,0,0,0,0,0,0,0,0,0,0,0,0,0,0,0,0,0,0,0,0,0,0,0,0,0,0,0,0,0,0,0,0,0
41-43,6.632059408,0,0,0.000191595,6.669413338,0,1.696261481,0,0,0.000234449,0,0.002462598,0,0.000393969,0.002201461,0,0,0,0,0.002242413,0.073841139,13.32311637,0.116923198,0.898271487,2.051470348,0.038751379,0.794179975,0,0,0,0.065149287,0.022632532,9.666808581,0.103649209,0.016289553,0.511433613,0.082722672,70.68022614,0.021407438,4.142364474,0.083303679,0.91237038,0.023526768,0.034069428,0.900111585,0.357561042,0.510790389,0.378641338,0.005400345,0,6.909606842,2.346204581,2.432067528,1.883523591,0,1.74934251,0,793.0151762,2.928653047,35.33855396,60.1127693,0,2.217752417,1.933273559,1.95645884,6.670707282,0.946701835,1.950428684,9.784741915,0.732398562,0,7.183420819,4.445297962,0,10.29803166,10.49480412,0.167493765,92.23111761,0,1.97814057,0.738140085,2.142372838,46.72261261,0.174674567,1.584461353,4.777903085,0,1.710220667,1.182292379,0.955658369,0.044134781,0.091885329,0.150370232,8.999903185,0.047635849,0,0,0,1.502002186,0,0.863246012,0,0.06225742,3.729987246
45,6.631331659,0,0,0,0,0,0,0,0,0,0,0,0,0,0,0,0,0,0,0.000155224,0,0,0.014636945,0.007896433,0,0,0,0,0,0,0,0,0,0,0,0,0,0,0,0,0,0,0.000266236,0.000165611,0,0,0,0,0.000332797,0,0.000779408,0.005879703,1.07338E-05,0,0,0.874575275,0,14.28042002,9.862315395,15.98492868,7.261497367,1.92744942,11.82076014,1.932662008,0.971124016,1.914272292,1.884469534,1.095402934,2.714153929,1.318389945,0,1.801765503,4.23979542,0.909850485,4.680409836,3.498501478,0.042937662,1.708750339,0,0.970201081,0.705074124,0.351102117,0.001253815,0.003313946,1.669329579,0.002076305,0,6.628529894,1.106968488,0.955553503,0.001317707,0.001148468,1.051224654,0.999879512,0.020367119,0,0,0,0.058232494,0.000360975,0.004015113,0,0.151450405,0.933239894
46,0,0,0,0,0,0,0,0,0,0,0,0,0,0,0,0,0,0,0,0,0,0,0,0,0,0,0,0,0,0,0,0,0,0,0,0,0,0,0,0,0,0,0,0,0,0,0,0,0,0,0,0,0,0,0,0,0,0,0,0,0,0,0,0,0,0,0,0,0,0,0,0,0,0,0,0,0,0,0,0,0,0,0,0,0,0,0,0,0,0,0,0,0,0,0,0,0,0,0,0,0,0,0,0
47,0,0,0,0,0,0,0,0,0,0,0,0,0,0,0,0,0,0,0,0,0,0,0,0,0,0,0,0,0,0,0,0,0,0,0,0,0,0,0,0,0,0,0,0,0,0,0,0,0,0,0,0,0,0,0,0,0,0,0,0,0,0,0,0,0,0,0,0,0,0,0,0,0,0,0,0,0,0,0,0,0,0,0,0,0,0,0,0,0,0,0,0,0,0,0,0,0,0,0,0,0,0,0,0
49.1-2,0.952996849,0.648377128,0.963045433,0.000793852,27.63396209,0.814029377,1.195911701,3.5596E-06,0.003987011,0.000746708,0,0.879591833,0,0.022437113,0,0.911151764,0,0,0.008291549,0.002479623,0.005146864,0.07543978,0.021883229,0.015389019,0.054125529,0.062279072,0.985610893,0.005871445,0.009720206,0.015859912,0.645974303,0.043670376,0.99668523,1.025514585,1.844904002,0.01509869,0.006695065,1.843872923,0.088455009,0.197367634,0.011482105,0.836054904,1.786320781,0.004234816,0.855085251,0.713544014,0.016708206,1.566640206,0.004426731,0.001601367,0.444056383,0.005994039,0,0,0,1.749566344,0,0.448385006,2.072989883,6.823782297,1.881538197,2.891861394,0.297663474,0.002764985,0.013999449,6.659566878,0.000623507,1.201899401,1.416018285,1.306298949,1.80672511,0.89803662,0.67403045,0.002677673,3.745217937,10.49607836,1.875792312,1.574205708,0,0.008392983,0.016261368,0.007812628,0.556938942,1.058092523,1.61365522,0.032408906,0,2.483744719,0.023289919,4.778903245,0.008811073,0,0.119415243,83.00972714,0.002401243,2.981196157,1.991768646,0,2.124972,0.001631547,5.079030956,0,0.005635088,0.932730188
49.3-5,61.62076061,0.648630108,0,6.315961497,0,37.45177249,0,33.11592105,22.33088926,1.111255908,16.90555901,8.457110654,8.491013985,26.72328305,4.121904702,27.40302681,4.553828693,1.774511014,56.07435612,65.10843457,0.660198509,29.88792979,81.58058952,7.76627442,30.91213463,14.21768015,94.12079792,7.55221272,6.097964743,28.48820494,27.02928532,45.95348181,103.7107952,21.63651472,6.928860821,26.988681,59.90907474,45.41589145,2.232261704,11.02654773,53.74212913,6.206175561,107.4339484,1.276060003,47.96876881,3.659789669,15.07755635,57.91458046,0.211346407,0.50296398,7.595310019,4.673022482,0.931773809,0,0,17.5024898,0,16.93980747,17.94795541,140.4328963,19.21387966,0.964329908,16.32083041,0.00026644,0.78427502,5.710427374,3.770057062,1.215433296,13.94753877,10.78379573,0.038807758,1.796816564,9.758117139,0.081999635,6.556688644,3.500835727,3.755062701,2.83723078,0,1.294567246,1.229999883,2.305242716,6.533997258,2.842465727,5.923446003,0.528820109,0,5.941493184,2.820430212,1.91230714,0.499563617,8.912172596,4.09016468,3.001522244,0.048111096,0.994119781,1.992545783,0,0.15843758,0.02502533,0.083093227,0,7.491161916,1.86692035
50,1.896092885,0,10.59895726,0.905597387,111.5461796,3.260344942,24.02211856,1.898847557,0.108246596,0.130724649,2.776557714,9.693466572,1.089334632,1.729393401,0.044777414,10.03124578,0.062403238,2.957887899,2.764762336,0.965392306,0.044062026,0.164704462,4.97871595,26.86632429,11.59869569,3.189590018,11.63001282,1.650799946,0.934267332,1.269645597,7.177452173,2.35798796,4.766693704,4.330843292,10.14394552,10.65034687,2.798950997,10.62045794,1.727968276,10.63414998,5.480817554,5.555370746,19.01528049,1.003237816,4.309787406,7.373283365,1.90991902,7.813382747,0.042488065,0.977629616,7.283453332,0.788929609,2.122056455,0,0.992530434,23.6313136,0,26.9791918,38.62034878,122.5158838,15.69928107,9.644504015,15.4489751,654.6828425,16.60068837,158.2628453,44.29965065,6.647865632,26.2517318,37.68383738,6.528140672,15.27444925,10.10893263,0.45892132,35.59790005,43.75822662,16.02391477,8.854964157,0,0.127197714,0.200763499,3.876795833,5.493446311,0.837461964,22.83294953,4.174171479,0,11.98455833,7.371679737,48.76992513,1.399340706,5.504835301,5.269691439,4.002529713,0.138578038,0,37.86310029,0.983836646,0.472045442,3.723125879,1.694077841,0,0.123685388,1.869533084
51,10.42291995,0,0,0.904482285,89.57025211,10.58386056,14.08962928,5.214037906,2.19750363,1.49222481,4.032587755,7.104994377,4.246694348,31.7643562,0.097887468,16.41415821,0.111693201,1.773781272,5.513560891,1.940110097,0.091267438,0.269401364,11.44963568,6.268334324,17.55376394,6.921500726,29.20388608,6.483587869,1.920646464,4.27298438,18.54791199,11.20111121,11.73889423,12.60704516,24.05511952,41.51038853,5.791166748,19.98697963,4.538499153,26.16237778,12.25129814,17.16279628,43.48067389,2.172629974,85.94397708,19.80192871,2.60722118,12.61608293,0.330897053,8.309242559,18.02442917,0.957925602,3.104180992,0,1.983996639,69.9811686,0,99.87317264,160.2212987,472.1007293,127.7578532,18.31473349,74.83309599,61.85843963,653.2611894,487.4732097,560.4384925,48.90558743,145.9826386,55.77981015,70.24512097,84.47578413,151.2019037,11.95032569,1534.570483,357.7400458,73.05481713,126.2541027,1.904406928,66.07345641,41.90260791,172.4848783,58.17129558,28.35408423,163.9119374,61.62072156,0,98.23905837,155.5637964,122.3373268,36.01478232,27.22904438,151.1570768,34.00326299,4.980537896,0,78.67319191,11.79971031,10.33169654,28.18899983,29.30102579,2.764766052,6.956432848,28.92298917
52,0.947408142,0,0,2.73698E-05,0.952744255,0.813712514,0.013632053,0.946395717,0.030557734,0.009165454,0.009149998,0.021223858,0.043212883,0.821999906,0.023310762,0.001499063,0.000998952,0,0.917796612,0.934913042,0.037521577,0,0.985593974,0.039775002,0.118734636,0.77982351,1.990673943,0.794840646,0.016544398,0.154647319,0.821790382,1.90949175,22.24141677,0.039313012,0.067208022,0.025340493,0.957178099,1.007858667,0.208535602,5.192566393,1.324316259,2.717596238,2.76103213,0.00932689,0.865647615,0.044932953,0.101128479,1.155342062,0.009638239,0.019314244,1.434147997,0.00599309,0,0,0,0,0,8.461643524,3.112563748,41.94866212,9.302008348,10.60181162,8.055275203,584.6364283,551.656136,48.33474237,0.942932499,0,8.434405328,0.020584555,0,1.795827572,13.28053554,0.007984706,6.553092867,1.749252125,3.749413862,2.052536174,0,0.002942978,0.734717852,1.254505326,0.973086494,0.132389888,1.038982237,0.076405051,0,5.325339449,2.179387398,0,0.051858063,0.92624139,2.197551718,19.99917445,0.037908406,0,0,0,0.02843144,0.004017714,0.002210445,0,0.07967517,0.932673917
53,0.947573736,0,0,2.73746E-05,0.952910782,0.00018791,0.013634436,0.241243408,0.196393647,0.008707393,0.054909584,0.908245364,0.024520529,4.846579715,0.006561048,1.82559479,0.928068885,0,0.015091426,0.005034367,0.018910835,0,0.961932895,0.037476204,1.143831745,0.071270099,1.580833055,0.006057725,0.004092073,2.270998772,0.124511954,6.350438407,12.96745671,0.068880252,1.838526496,0.017689332,0.93734991,0.942700638,0.017036273,0.02581738,0.118250506,0.974481199,0.92654951,0.007081713,0.85522428,0.003369052,0.065295857,0.188252705,0.005211375,0.006560288,0.189632522,0.788423299,0.155248334,0,0,1.749594871,0,7.554639092,5.965619195,53.94478451,14.85651676,0,4.034971368,17.39744431,28.18375001,3.913476081,241.1199031,3.241259306,10.45056601,0.711002798,1.75845271,8.98072049,18.20952732,0.269984866,100.1862134,41.98486081,42.52464392,9.265975902,0,10.79543489,4.326827747,4.754669368,6.241262384,1.93274117,6.07866504,1.810951796,0,6.835512825,5.571350744,0,0.458012983,2.40128368,4.581413864,14.00186903,0.094722769,0.993748256,5.975403368,0.983346094,0.225577583,0.762081783,0.844424592,0,0.503198813,1.865673973
55,17.05221375,0,0,0,0,1.627845366,5.602376513,6.400426306,13.66267714,0.33422497,3.772670683,0.129867137,0.313628347,0.224967952,5.153326268,6.3902023,3.151089562,0,3.655448749,1.893223717,0.068275532,5.732907352,4.045366426,1.526830149,20.41144943,3.09000846,22.26058604,3.220337528,2.539813294,2.917610759,3.896081781,6.144130342,12.82260292,5.053225354,6.457330939,12.3551898,8.305876313,0.400005845,3.021606299,8.681527134,4.742604909,11.22344827,24.39857659,0.073001419,13.633969,0.099404178,2.946877609,3.961407334,0.081237049,0.112110089,4.218447941,32.62271005,21.25826078,3.766681982,0,6.122105214,0,177.5635231,35.12876058,143.0035884,1017.153858,0,121.0457652,33.819954,93.45303849,75.35091506,0.039276872,217.8591028,173.663162,8.997580412,55.64613125,56.61213564,135.799357,9.48864996,717.98405,1054.607146,181.7772054,180.3638082,0,74.72275958,32.41181005,100.0373923,149.4582902,8.333371377,111.7519813,59.67406623,5.964475097,18.18196112,70.89428073,135.6903326,9.078756483,57.35021617,67.43738859,108.9882605,4.104268441,8.941577324,1819.071511,0,13.80563198,23.10751351,18.83708952,1.842801999,2.560830814,1.867696641
56,25.58246555,0,0.962984898,0.903294981,49.54743806,0.818429092,5.511749702,97.78602196,3.27012386,2.390025616,8.032463001,17.95676302,23.89812474,50.18454118,8.049056384,7.444005521,3.058304194,0.591235805,3.762608017,3.74691027,1.160427991,6.738969326,9.718375371,1.951847008,23.77246853,5.035052524,27.85418102,0.896686904,2.592275562,7.168551749,6.759699694,14.70704509,17.39851415,6.263337456,7.354744675,15.92219026,7.544456799,2.396571466,11.73356836,311.9958622,27.07415123,18.3988004,32.6151061,2.875850023,11.34401974,1.012476781,5.619189157,6.683856056,0.100914478,1.377645155,38.04221918,43.49480923,26.38362199,7.534584736,0,42.86168105,0,153.5516897,44.75500112,197.5448303,1198.071483,36.62794182,23.26125396,19.33143233,122.5741109,100.0071559,6.645430379,38.11977618,280.5779543,11.93845231,43.18738513,76.37764387,70.30697206,9.221091431,3.744982521,156.5574954,3.935014859,78.39266793,0.952163817,30.56001336,26.40970967,32.42003747,39.50448494,9.312501109,36.97878494,11.64608636,3.976961088,7.037599685,1.866897396,12.42436742,3.869627816,16.23685657,70.64599149,120.0065195,2.633929864,6.955687118,809.6030614,24.58170625,16.5420875,20.38569484,5.655922579,3.686201246,7.531371569,0.936331221
58,0,0,0,0,0,0.000176276,0,0.241363013,0.181818784,0.043925528,0.974340264,0.037417933,0.034345596,4.834774912,0.007019443,0.913121349,0.021307992,0,1.030457738,0.934586203,0.014685391,0.127803906,11.30969383,74.51504348,0.090929626,0.72302102,1.192104529,0.797981336,0.836367379,1.468346913,0.750743509,6.356009389,3.980902847,1.951118384,0.013818704,0.024308229,0.014623555,2.81767596,0.041734214,0.519389609,0.847672421,2.726456105,2.71549317,0.008540044,1.706394023,0.042107399,0.029251531,5.605233268,0.01080917,0.005846249,1.005717192,1.555170193,1.293995802,0.942356077,0,0.8752232,0,4.425941588,6.006801809,11.22957262,2.388716094,0,1.149202106,0,0.99985645,6.662916735,1.887114588,1.056011022,3.653589361,106.8666313,1.259139933,3.612553268,40.1968127,2.819034577,14.98840734,5.251022222,5.693500012,2.206844728,0,3.950230256,0.927395541,17.77243734,5.468567128,0.175708966,61.10430621,7.041774768,0,0.498107679,1.434934307,0,2.164446579,0.034379694,20.25907469,7.004341874,0.316955027,0.994231914,2.989155801,0.983824689,1.052782132,0.742320587,2.50740341,0,1.988000157,0.000549382
59-60,0,0,0,0,0,0,0,0,0,0,0,0,0,0,0,0,0,0,0.006299661,3.92084E-05,2.02474E-05,0.006451113,0.441501644,4.467735452,0,0,0,0,0,0,0.001063693,0,0.066979978,0.003189771,0,0,0,0,0,0,0,0.013290705,0,0,0,0,0,0.326342054,0,0,0,0,0,0,0,0.874717633,0,0,0.004066137,0.080813581,0.33974903,0,0.032739513,0,0,0,6.538E-07,3.262604263,1.392441294,0.260227087,369.558776,0.013468457,1.677658759,1.097694614,0,0,0.011882433,0.098138386,0,0.002207021,0.002915017,0.151951708,0.020236401,0.003860426,135.0167731,0.020748497,0,0.036229393,0.068096253,0,0.00478789,0.020092919,0.035488696,17.00071851,0.082524208,0.993657602,1.991619422,21.63164055,27.60973465,0.758800974,33.43333441,0,0.046780196,0
61,1.894860511,0,0,0,0,0,0,0,0,0.000567117,0,0.006648967,0,0.000119573,0.000937151,0,0,0,0.00843641,0.004578195,0.032537825,0,0.071160229,0.04789393,0.005250488,0.003115327,0.000760533,0,0.002590576,0.038461565,0.085291641,0.89493063,24.90013103,0.002046106,0.044178528,0.020522975,0.039130821,0.911992678,0.004043506,0.008833557,0.221469004,1.0990049,0.056388742,0.008092296,0.008328076,0.004429696,0.106943161,0.318823061,0.002427492,0.007777337,0.177202973,0.782310687,0.155224826,0,0,0.874664974,0,240.9692742,3.030142245,17.75099063,51.62915168,0,3.095769331,16.42831331,26.22303766,3.906887344,5.283302823,2.220074118,23.02369851,0.667293023,10.08753413,3540.424003,25.41600133,0.096086977,22.46827139,8.745641605,11.94321896,3.479351264,0,2.95443901,1.448080841,5.340574214,3.783140424,6.539453089,10.51462285,3.982791914,0,22.40216178,21.1762095,0.955651507,1.26272485,4.888376343,16.38541085,3.99992825,0.075154929,0.993597783,0.995749763,0,0.675328923,0.749773079,1.26139484,0,1.940867605,0.932708334
62,0,0,0,5.4745E-05,1.905671443,0,0.027266723,0.049646924,0.039571909,0.002468339,0.009150876,0.002731039,1.949784218,0.808897652,0.002811656,0.000260073,0.000195485,0,5.195135593,0.09495542,0.143738458,0.155183073,1.124911846,7.527419936,1.068616021,12.68532925,4.569890005,0.007691188,0.078170068,0.185464209,0.83126023,3.803874972,36.2233151,0.222724438,0.065838537,1.321419261,0.179490533,57.43518349,2.156374035,58.20059925,3.693023245,3.716334105,20.64991153,0.064485711,2.650924846,8.91111016,0.294538388,11.87293819,0.078720683,0.056711517,30.759138,3.444470395,1.448597168,0.941823462,0,0.874728528,0,45.13705952,12.60499148,368.2368641,1.323772563,1.927787169,2.599617827,4.856936452,5.869760845,1.932597523,3.81456341,3.082374222,9.288418141,35.60346448,0.315093514,68.94496938,647.9586287,104.291935,21.53365795,10.49617734,14.01492108,15.73609456,0,3.020564898,14.41524768,104.995214,38.42463416,7.404016072,24.81544803,37.29981527,0,3.388317717,87.81374922,1.911441892,15.2022049,16.90228959,83.63652543,5.00027361,2.898127555,1.987339957,0.995822115,0.983268636,0,0.752690804,5.021893726,0,72.54070939,173.4441635
63,0,0,0,0,0,0,0,0,0,0.000567217,0,0.001477807,0,0.002327795,0.000937315,0,0,0,0.872622524,0.013650129,0.014506711,0.010123572,0.225152512,1.680011048,0.005251409,0.000203573,0.012767274,0.000893953,0.006411387,0.036760876,0.072897294,0.950290499,5.62856395,0.054837689,0.918547659,0.008609881,0.024770392,0.407161025,0.332587679,8.683177217,0.456789238,0.987365754,10.70749351,0.0048796,0.010473878,0.953446378,0.013785378,0.999115895,0.010701607,0.011416296,3.962330361,0.143636866,2.14735E-05,0,0,0,0,5.886101543,2.304311905,40.05405864,2.393859004,0,0.708146826,0.969729287,2.914182181,1.908807389,0.946868378,0.973044889,3.720782037,5.066204237,3.008125529,7.251803212,129.5093819,10.25955481,45.88077111,5.248319567,50.1905087,4.387757343,0,1.019635626,1.634437153,20.71714952,6.762261662,4.018690268,9.292030112,8.162584501,0,1.018882575,16.71204899,0,2.374223725,3.627730936,18.99383623,0,0.52742696,0,0,14.75054612,0.158525423,2.976514673,1.702591055,0,8.359460796,22.3822229
64,58.75235429,0.64835839,0.963017601,0.903243536,46.69051758,10.58146549,8.673020943,7.063725857,11.96248697,1.725780844,6.845317447,5.297681468,12.13367165,31.04165329,3.519491338,15.51290393,4.084480591,2.365023536,7.428319178,6.569551772,2.143421784,11.69957883,13.61104032,4.823118152,24.53698514,5.839358035,22.9395631,3.283530818,5.11773856,7.954063238,11.57487876,55.69830878,31.32327987,14.03029702,13.16849818,5.605706453,7.530793273,36.63844415,2.935293231,14.2917723,13.97832214,19.3492737,57.9570642,2.110016226,28.20000969,3.961372042,7.710556127,13.64361323,0.149253273,3.698170646,11.66064298,55.30004131,28.71537081,8.476695687,1.983981404,31.49128406,0,184.0915905,50.42131427,136.258044,140.9574379,4.819629699,41.83069279,8.704955592,13.12565821,57.13432332,19.80477488,28.48423461,86.827813,7.633274858,17.03225558,38.64617072,183.4544366,7.887676054,4345.26353,67.35030232,71.68525856,386.3426509,130.4508729,27.71664789,18.65132187,49.55931417,45.93782473,16.66624321,31.99190538,25.03944218,0.994274037,69.45603099,50.12825864,23.89382567,6.096250652,15.20928066,30.85096661,62.00547405,1.176192995,37.76072667,9.95855542,9.83301642,3.214103983,12.45527046,5.179270853,0.921581607,4.265174499,28.91252278
65.1-3,27.47753926,0,0.962987571,0.000328471,11.4340559,0,0.964072147,9.127279006,0.095174543,0.079784671,0.025441982,0.035686318,4.286887329,0.841296507,1.044081721,0.925449322,0.935056214,0,0.918521524,0.017959835,0.024823618,1.072602164,1.235695376,2.258972685,0.059373159,0.031427366,0.811284166,0.004286451,2.467778123,0.1826888,0.071650741,0.920986901,1.945528221,7.571040922,1.832471146,0.022982957,0.009686901,2.826562798,0.049988933,0.859267385,0.889763587,1.656695747,2.046029556,2.24018454,0.870495284,0.005002373,6.206060998,0.288079939,0.753925558,0.009601377,0.499852105,3.111458989,1.603890772,0.941825706,1.983919536,6.123114285,0,12.39143142,4.023013364,26.16428805,8.00650882,0,4.30639835,0.969200877,5.841777613,3.811234754,2.826582546,2.187428735,5.246330147,4.086411563,1.791896,1.802119685,24.22732752,2.480301826,12.17122697,1836.679616,1.054379026,261.0270545,0,1.014112115,0.821406632,7.234876054,9.856714264,1.153824278,3.542351904,3.284252717,0,5.804998379,5.611009312,0.955723223,1.229881252,4.43612864,6.415898341,9.00051394,0.167539714,6.95570642,1.991648974,0,0.174999556,0.729064016,1.673999207,0,0.248042352,0.932857303
66,0,0,0,0,0,0.814195369,0,3.5598E-06,0.004340745,0.0031369,0,0.887257049,0,0.026096864,0.000937266,0.911140355,0,0,0.022803003,0.003650918,0.01910198,0.047582034,1.036907432,0.801017909,2.219332835,2.072576309,4.104137401,0.012013734,0.025974624,0.904565146,1.377085858,1.108821987,7.657386661,1.076724061,2.769291963,1.823546113,0.037723079,8.348994795,0.177869078,1.479273602,0.945506956,1.257531973,18.75715746,0.009362467,0.864847366,0.75962066,0.075040457,1.023084817,0.00768043,0.01387704,1.351929327,0.023637047,3.22085E-05,0,0,7.872949965,0,28.14015123,4.988185756,93.89800284,19.75255762,0.963941728,4.166412476,12.564799,9.727426275,3.883378788,1.891754337,5.43152776,18.9499906,2.306449231,1.675738364,11.69888666,57.31063126,4.09459617,519.6424821,195.0474051,285.7435015,41.73201669,0.952211749,7.851898125,11.11240078,42.43958153,35.25783994,4.365281801,6.028836005,19.80490417,0,13.00186046,38.22181588,0.955768681,8.572489384,10.66132178,48.12150033,1.000104672,1.033399629,0,0,0,0.26013824,1.483024985,0.847754414,0,1.951395183,3.730509428
68.1-2,2.841829383,0,0,0,0,0,0,0.991178819,0.065081026,0.008137356,0.018297452,0.008626134,1.01991265,1.609200398,0.022072907,0.001758866,0.001194253,0,0.004523264,0.003100632,0.00639941,0.959515408,1.090029686,1.543472683,0.005249635,0.000470107,0.001970223,0.000104072,0.002683747,0.158917578,0.027594683,0.903556904,1.925588559,0.008089967,0.003126782,0.023084141,0.009930053,2.815908025,0.048886501,1.253859684,0.888194145,1.604269404,0.961836436,0.015401356,0.855959214,0.040956821,0.917074866,0.179999082,0.008170117,0.004720436,0.924396911,2.365694727,3.413475994,1.88320432,0,6.996183935,0,51.39327337,6.180943837,108.8777707,228.3115333,0.963667097,12.11627501,5.798038796,10.69572085,10.49789226,4.718994441,4.383577423,31.28305999,2.144547724,1.786813997,16.16594671,10.93208085,1.021994402,81.43426257,55.9621151,1.637624055,28.11956948,0.951940459,4.943061847,1.486644406,1.724839321,2.607222906,6.016583594,4.738222116,1.105207141,0,2.458462586,2.396367957,6.68847465,0.16658776,3.680231483,1.552164865,42.99224871,0.058653076,2.980309483,1.99117625,0.983037596,1.998071393,1.07710968,1.778686497,0,1.178336713,5.594168662
68.3,0,0,0,0,0,0,0,0,0,0,0,0,0,0,0,0,0,0,0,0,0,0,0,0,0,0,0,0,0,0,0,0,0,0,0,0,0,0,0,0,0,0,0,0,0,0,0,0,0,0,0,0,0,0,0,0,0,0.029525341,4.76694E-05,0.004166105,0,0,5.10309E-05,0,0,0,0,0,0,0.000781517,0.000100072,0,0.304726347,0.020562195,3.744672845,22.73789599,0.032189944,3.139416316,0,1.46142E-08,3.54868E-07,0.002989657,0,0,1.97968E-06,0,0,0.066539416,0.002378774,0,0.034686819,0.879119923,2.68351E-07,0,0,0,0,0,1.41632E-05,0,0,0,0,0
69.1,0,0,0,0.000492753,17.15272295,0.000176194,2.647068297,0.120622237,0.091359699,0.003973148,0.027455318,0.023910798,0.0122605,2.423481413,0.004176896,0.911776814,0.000586513,0,0.032294048,0.925413774,0.015310509,0.078505318,2.762369083,0.746687691,0.0698816,2.080521693,1.58422756,2.375600497,0.018283388,0.291308424,0.909017357,2.885924438,2.126939771,0.102006523,1.82338097,0.082956368,0.024307413,11.15563487,0.243491454,6.666482354,3.652988623,1.018328709,2.960430767,0.063339445,0.877425674,0.082668897,3.576809922,1.726534746,0.034747115,0.015834173,2.242660108,2.105462886,0.310534831,0.941915714,0,1.749628417,0,26.18527154,5.034720945,29.03592284,8.318290139,0.963987999,4.99401029,4.84489397,2.928167923,6.689789075,1.886234008,2.188924244,7.465128269,0.851195878,3.49826124,3.623694226,29.44709533,4.668051955,53.37124912,21.86766291,6.979681233,10.17332006,1.904514912,94.52290148,10.12925896,20.73832668,20.18284018,3.063890226,16.54549555,6.564516228,0,16.65217244,10.1309371,0.955814559,3.336322486,5.267196885,17.2151626,25.00381695,0.425959017,1.987534618,4.979598282,0.983364948,0.27376383,1.460691044,3.343565799,0,2.709983593,85.79785738
69.2,0.947455328,0,0,2.73712E-05,0.952791707,0,0.013632732,0,0,0.001134264,0,0.000985058,0,0.000119576,0.001874351,0,0,0,0,0.000859892,0.005225563,0.006752098,0.179024936,1.588897165,0.010501254,0.000543106,0.000920875,0,0.002658297,0.052918212,0.016545897,1.79121642,3.756520067,0.00248866,0.006882659,0.004315929,0.015754424,0.138582809,0.052302221,0.836101657,0.034088649,0.942276534,8.028110997,0.006318156,0.851645746,0.082497784,0.015699125,0.17985632,0.008108099,0.002674591,1.145834115,0.848145734,0.155239669,0,0,0,0,10.88933646,2.413040536,32.61175622,6.296611076,0,1.975204799,0.967986954,0.985247247,2.859786296,0.942357307,1.086790611,3.822275467,2.07469007,1.733329343,0.910186316,18.49430525,1.808072628,22.46886599,6.122104276,1.86913128,3.497971404,0,3.664704942,137.9826079,58.88716361,16.29583182,0.031366038,2.122316149,4.428340817,0,1.362438792,4.284676477,0.955676798,1.075920182,0.922507844,6.313848607,1.000008526,0.377814154,0,0,0,0.155126982,0.003291027,0.003662756,0,0.425024678,11.18953552
70,0,0,0,0,0,0,0,0,0.013759981,0.002584942,0,0.009927381,0,0.024135092,0.001874334,6.377886499,0.926771579,0,1.834082295,0.945538183,1.008037075,0.066923864,2.028848718,0.752580461,0.06462031,0.033699145,0.806751916,0.005061337,0.003058601,1.763700583,0.044873294,1.875967858,1.210287905,0.032650993,0.004748983,0.004997457,0.04086083,0.125620819,0.231672509,0.351223908,1.648169198,2.149611089,46.40789081,0.013083084,0.014192604,0.014824573,0.887871952,1.098713706,0.006231492,0.013403623,0.567111201,0.787978792,0.155259719,0,0,0,0,19.0606864,9.518823708,44.95215075,59.44343226,0.963840242,1.868303055,0.966646577,1.942480869,5.713524005,1.887818495,3.217768457,12.58001311,9.446152827,5.023541217,6.34808913,85.80868373,9.246716688,115.1518848,13.99341979,2.955387942,9.231746683,0,3.106595115,2.351721067,92.18590316,14.05823489,0.132709438,34.96271581,20.88200098,0,3.332186942,58.94098512,0.955668055,8.736689482,11.52911674,54.58346046,6.999995647,1.800740596,0,0,1.966428443,1.778207329,1.550990258,3.372801322,0,8.228118742,1.865515982
71,1.894947756,0,0,0.000218974,7.622482889,1.627549665,1.7099604,1.884935184,5.526369737,0.07837459,1.138475045,0.9964085,1.119831663,19.35775665,0.02692073,1.829571851,0.127406186,0.591220301,1.719405681,2.785373377,0.066747856,2.029719077,3.515798797,6.545354828,1.192581183,0.785816142,2.803594511,0.015689212,0.859712699,1.7769688,1.088147726,5.747973154,9.052581172,1.266762244,4.609122662,2.084852662,1.058072381,42.26447209,1.312578273,41.54142772,11.77477522,8.443978792,5.868162989,0.093858765,18.78539299,1.240122729,2.033992245,4.06250218,0.097463684,1.858756602,20.97900043,9.731747909,2.845646371,1.883596789,0,2.62411574,0,202.2267046,19.75746291,62.28280512,27.13677209,1.927735859,9.12223843,4.84122793,1.297448412,20.00690313,5.657996442,6.663881755,18.78878596,9.864008896,8.590350063,10.86214637,107.949233,12.70639866,70.21658092,23.6151359,3.707595787,27.62617833,3.808555393,9.947924265,8.49033375,60.0005721,157.0863417,15.09646685,25.16018314,34.79367224,0.9942142,21.5798068,58.05099407,3.822782035,9.116928514,20.28110822,61.3107313,12.00033726,1.608172054,1.987287062,2.987386831,1.966484932,4.719219585,2.940195393,4.193356157,0,8.806939174,64.34186674
72,9.474377472,0,0,0.902443097,21.91380262,0.002149132,5.116053101,3.242915042,23.42946991,0.272106701,2.873417564,2.718592385,7.001343335,8.920803366,0.937406279,6.385379443,1.480255546,1.773593268,3.69786909,2.825709456,1.058572883,1.112335276,5.826845374,1.52385571,2.764312394,2.431814842,10.28624013,1.649773868,4.217038413,5.510561292,6.015062809,39.03317906,9.340757531,4.08316984,4.615287591,0.994170137,1.942738052,11.68460881,2.593132218,14.24105024,14.71568523,14.27159647,29.30561551,2.046486407,17.93034565,3.109368725,5.484254627,5.500566623,0.088179898,1.868663927,8.149871924,14.76374562,13.75938474,4.708812401,17.85407719,13.99475025,1.979681255,53.36258961,3.714200894,58.23116857,28.22226917,8.674480564,22.0691923,12.5629585,8.082020347,20.05410986,8.496013495,3.465487336,13.67848354,3.851626878,23.35501372,29.69769361,54.07465907,6.8913691,43.06452736,35.85691336,5.070758251,25.95248169,0.95210254,6.644984374,3.988705884,26.58370168,16.3148551,378.4841624,20.6745142,14.59789037,13.91846802,4.138117387,47.57159073,1.911318129,4.899954173,17.74188146,49.65319327,84.99914744,3.48301643,108.3030147,4.978788184,3.932819884,2.651888764,8.191774743,5.037233971,0.921491004,5.531759441,0.93288661
73,4.739971227,0,0,5.47736E-05,1.906667319,0.003536695,0.828168796,3.890606675,7.787504602,0.163243141,2.102231355,14.08017572,13.87456113,21.8871729,0.916574274,11.87901034,8.536307179,2.957725044,3.603882893,1.914521473,1.090917421,2.266414765,5.994577336,8.356690382,1.109589073,0.038279189,0.624150632,0.046645135,3.349134566,9.280570497,2.227294626,19.15987369,11.39295806,2.189047228,3.68196142,1.200433005,1.018157806,40.58416636,0.682685897,13.77490107,14.3624731,17.48081272,15.54645659,1.236644807,4.364156225,3.578882243,18.72404311,6.675972521,0.09427481,0.07082024,14.61476031,13.04746182,6.41835267,0.942315645,0,7.001485188,0,42.14929151,45.12088282,161.2910842,111.4721551,6.750781108,32.87872627,66.73249978,87.53218884,27.06450484,18.87531809,14.07207752,48.95502368,46.79151868,16.60823645,43.22990447,139.9586435,15.97383462,162.9919363,82.25912192,12.71222281,34.69472585,1.905323556,14.0549722,4.963745024,131.0563199,45.51220655,3.885266621,49.3246616,43.11169467,0,35.29973525,93.55900133,2.868661175,17.52140251,22.1942738,103.3445667,28.0161654,2.872609357,0.994189256,8.967082652,3.935129912,2.895671879,5.26298623,8.422489094,0.922032262,13.51718597,96.10068832
74,3.789945522,0,0,0.000218977,7.622583473,0.814507844,1.709982965,9.437166142,4.171316614,0.219192117,2.855263553,1.8694681,0.457589628,7.32854473,1.059829969,3.662876519,2.005216006,0.591228103,0.974725608,0.959991377,0.069778882,2.960970233,8.059681638,6.283061186,9.456664285,1.606316637,6.54265658,0.821076259,0.888455984,2.828611473,2.305193989,15.60784781,22.10305313,2.215721417,6.431509911,2.752902144,1.924238518,10.65759975,1.453577565,9.384379742,11.23868996,17.08491064,11.38568458,2.2835165,11.12268283,1.678602312,5.528187368,7.355379601,0.835872454,0.970542534,7.557070252,11.07238086,3.156248584,0.941810822,0.991944092,16.61961899,0.989891438,189.1225398,73.22335466,316.6105786,64.26106866,7.711045189,52.47914405,10.63515601,12.81774394,62.85139884,29.22525967,27.94100804,93.67474362,7.130667624,50.28520537,44.42210544,650.4695244,62.61089565,310.8294998,125.0723543,33.37087137,62.71096529,1.904302825,41.49983996,17.783924,422.6960737,145.5067964,168.9327993,119.3378367,479.6116665,2.982681958,46.22643737,37.63290172,6.689956838,22.17923774,61.5877659,549.2335011,74.00305626,13.16784295,9.93656643,19.91617501,11.79906528,7.424603793,22.29057316,32.62793125,1.843076612,50.23438548,31.71116606
75,0,0,0,0,0,0,0,0,0,0,0,0,0,0,0,0,0,0,0,0,0,0,0,0,0,0,0,0,0,0,0,0,0,0,0,0,0,0,0,0,0,0,0,0,0,0,0,0,0,0,0,0,0,0,0,0,0,0,0,0,0,0,0,0,0,0,0,0,0,0,0,0,0,0,0,0,0,0,0,0,0,0,0,0,0,0,0,0,0,0,0,0,0,0,0,0,0,0,0,0,0,0,0,0
77,2.847865423,0.648320671,0,1.804000629,10.48093498,8.950078997,4.952662146,3.217823763,1.380809596,0.116927986,1.963821855,0.96567727,2.131778609,9.942020381,0.900838612,2.741843692,0.992159305,0,8.985525125,1.055216601,0.111767769,1.230442623,10.59570107,3.263833303,1.117459797,4.363142093,3.193728689,4.757636204,0.899845808,1.85614487,2.03996244,2.151260263,19.94585631,4.486080272,38.43291789,2.801504636,0.981236396,19.94347815,0.269276837,4.144308997,3.621750773,4.769316977,15.6541523,1.090213437,2.60359784,0.84971537,9.019996166,2.58780582,0.034721829,0.040784652,3.577850663,4.04536807,3.724465556,0.941800283,0,29.74003801,0,291.0906844,25.5217564,22.57702265,6.081409188,52.04897255,47.28570778,0.003595219,1.013264972,38.05135427,6.594141293,1.493680881,5.30456902,3.850611894,2.675923685,2.700091436,12.43537949,0.980546522,6.553560691,9.62215662,3.759897792,4.555807859,0,3.039561864,1.60881664,2.719189168,4.458938916,1.476826622,4.251130492,1.205026408,0,33.99249598,4.526313995,6.689881972,1.165137475,1.651193612,3.701733365,3.000090329,0.095111663,1.987291047,1.991595213,0,1.211753996,0.696262683,1.745736218,0,1.315926925,25.17887111
78,0.947418123,0,0,0.000328442,11.43305151,0.00036404,0.163586359,14.00439689,8.114568089,0.216654114,2.542168837,1.276934312,5.667597764,61.98262031,0.257561982,0.948072485,1.113818468,0,5.794200674,0.104125818,0.092694255,0.988361553,8.057075956,1.823452754,1.030158436,0.016438601,0.294566004,0.016647528,0.088465587,6.128046396,1.53039216,5.96557323,23.48012888,1.372455146,7.30830909,0.983779824,0.155347216,8.89556783,2.50712734,94.78007503,9.510947237,9.749750859,4.934128178,1.040899018,1.79235819,8.231604,4.366787701,3.812582395,0.081037086,0.102961082,57.17519159,9.389047294,8.586451862,2.825228921,1.983745265,9.621191516,0,62.71115664,7.973810595,185.231957,33.1664081,1.927622421,19.78924996,3.884178547,3.912839477,22.85340764,8.489623255,11.7643591,35.49238535,46.60582253,14.68905988,20.88567246,321.5268749,33.99756607,150.7227238,31.48378314,11.75071715,19.96245076,1.904165638,14.81406177,8.046442805,210.6382118,50.14288838,80.71360117,64.49868743,65.45880426,0.994155695,16.25466735,330.3997515,3.822557081,30.32773945,32.89866215,161.2120191,14.99953886,6.262263762,8.942265537,29.87211036,4.915923031,2.08929281,2.192267977,38.39818657,0,29.60680802,131.4705522
79,0,0,0,0,0,0,0,0,0,0,0,0,0,0,0,0,0,0,0,9.7024E-06,0,0,0,0,0,0,0,0,0,0,0,0,0,0,0,0,0,0,0,0,0,0,0,0,0,0,0,0,0,0,0,0,0,0,0,0,0,1.033862565,0.989498175,0.993638216,2.626365945,0,2.97701603,78.27472081,76.72595427,1.436913869,0.000623423,0,2.010921542,0.000195387,4.5855E-05,0.897892666,1.475657785,0.00046508,0.936169293,6.85962E-05,0.008219388,0.244127194,0,1.06935E-07,0.000172106,8.52744E-05,0.000516178,0.001634386,0.003576254,0.000937049,0,0.63934286,0.005603118,6.689498521,0.000301086,0.00226158,0.003960545,0,0,0,0,0,0.015268186,0.002881183,0.000488069,0,0.000451548,9.14595E-05
80,0,0,0,0,0,0,0,0,0,0,0,0,0,0,0,0,0,0,0,0,0,0,0,0,0,0,0,0,0,0,0,0,0,0,0,0,0,0,0,0,0,0,0,0,0,0,0,0,0,0,0,0,0,0,0,0,0,0.999901938,0,0,0,0,0,0,0,0,0,0,0.011312388,0.001966058,0,0,1.039713431,0.000528064,0.930264151,0,0.009354556,0.020930654,0,0,0.001358136,0.003552039,0.008234961,0.003337824,0.002037631,0.922276577,0,0.007228245,0,0,0,0,0.012898908,0,0.005769209,0,0,0,0,1.25533E-06,2.81922E-08,0,0.025615043,2.02608E-08
81,0,0,0,0,0,0,0,0,0,0,0,0,0,0,0,0,0,0,0,0,0,0,0,0,0,0,0,0,0,0,0,0,0,0,0,0,0,0,0,0,0,0,0,0,0,0,0,0,0,0,0,0,0,0,0,0,0,0.029125162,4.55346E-05,0.004109662,0,0,5.03395E-05,0,0,0,0,0,0,2.672E-07,9.87159E-05,0,0,0,0,0,1.33478E-07,0.059831819,0,1.44162E-08,3.5006E-07,0.002949152,0,0,1.95286E-06,0,0,0,0.002346546,0,0.034216867,0.867209232,2.64715E-07,0,0,0,0,0,1.39713E-05,0,0,0,0,0
82,9.474361703,0,0.962921322,0.000218965,7.622179529,0.815709551,4.911557742,0.425320746,18.59970732,0.305312605,4.692758819,2.713984547,4.949820663,7.356178304,0.876170933,5.476224633,4.196194393,0.591196772,3.694038662,1.032100976,0.110425853,8.728652863,15.34176261,4.55639808,24.54825975,3.011078411,22.27543264,2.444013233,0.973431994,3.670574935,6.530402033,39.41370452,41.47326997,6.783717038,0.135073929,7.131624102,5.646450555,1.552752592,2.57299793,27.03567117,26.91633045,37.87143902,23.9800332,3.386843392,12.07225129,9.324773067,15.38183704,13.41999224,0.925187016,1.982344252,20.4629916,16.87413214,9.156683159,0.941760913,1.983783052,41.98418089,2.96951694,454.9845785,175.339335,1082.320167,374.4712861,20.24042096,254.0370072,13.54458795,36.14968412,202.6989381,82.01585681,81.02036778,282.097523,19.04895696,147.4195196,125.9907895,1558.269682,177.0662128,849.118724,242.2625692,98.8275725,135.5751846,3.80840382,112.8117149,47.81755834,1375.282459,307.5740855,416.0477801,183.0647498,474.9788922,6.959222425,115.5864341,48.04257566,26.75840927,99.64520178,106.646838,2970.34179,143.998316,33.86250576,35.7697435,77.6689664,66.85782675,22.70402897,63.35412004,80.59689867,5.528936824,132.9119213,89.52966604
84,0,0,0,0,0,0,0,0,0,0,0,0,0,0,0,0,0,0,0,0,0,0,0,0,0,0,0,0,0,0,0,0,0,0,0,0,0,0,0,0,0,0,0,0,0,0,0,0,0,0,0,0,1.06711E-05,0,0,0,0,0.056914974,0,0,0,0,2.28879E-05,0,0,0,0,0,0.00065827,2.2255E-06,3.73314E-05,1.7652E-06,0.027549516,0,0,0,0.001266078,1.021902074,0,0,0,0.015965999,0.845130725,0,0,0.034649586,0,0.000649784,0,0,0.000372506,0.000597326,0,0,0.000169468,0,0,0,5.21286E-06,0,0,0,4.8654E-08,1.21418E-08
85,0,0,0,0,0,0,0,0.039962887,0.030026165,0.000505393,0.009096115,0.007749184,0.004061979,0.800259074,0.000452221,0.000258516,0.000194315,0,0,0.001329037,0.011275205,0,0.027792922,0.028677837,0,0.675462079,0.197961756,0.783602671,0.003751051,0.068868321,0.10441713,0.045295316,8.274861075,0.002095464,0.014773827,0.011557898,0.016053962,0.970796716,0.036399091,1.177585509,0.123773557,0.182709907,1.789713653,0.002746465,0.003941194,0.041272442,0.036155038,0.110621366,0.000671648,0.003255678,0.621056523,0.011915595,0,0,0,0,0,1.973186726,0.110337303,0.746562555,0,0,0.037940351,9.606768478,16.41318925,0.059607116,0,0.017425053,0.462732203,0.61546898,0.037135594,0.000154777,0,0.018571641,0.930643269,0,9.290709615,1.107534444,0,0.204407654,0.76346375,73.26721558,6.978033087,1.082319874,2.656943741,26.77620584,0,0.169135015,71.38376234,0,11.85304099,13.09603656,67.02980502,0.994070145,1.779747927,0,0,0,0.00663445,0.698989953,0.004587381,0,0.076880189,1.853818701
86,0,0,0,0,0,0,0,0,0,0,0,0,0,0,0,0,0,0,0,0,0,0,0,0,0,0,0,0,0,0,0,0,0,0,0,0,0,0,0,0,0,0,0,0,0,0,0,0,0,0,0,0,0,0,0,0,0,0,0,0,0,0,0,0,0,0,0,0.003659309,0.010627127,0.004033587,0,0,2.093838778,0.002622332,0.935941393,2.622967728,0.008045502,0.36783637,0,0,0,0,0,0.002098525,0,0,0,0.019804262,0,0,0,0,0,0.999729357,0,8.940120221,0,0,0,0,0,0,0.051542572,0
87-88,0,0,0,0,0,0,0,0,0,0,0,0,0,0,0,0,0,0,0,0,0,0,0,0,0,0,0,0,0,0,0,0,0,0,0,0,0,0,0,0,0,0,0,0,0,0,0,0,0,0,0,0,0,0,0,0,0,0,0,0,0,0,0,0,0,0,0,0,0,0,0,0,0,0,0,0,0,0,0,0,0,0,0,0,0,0,0,0,0,0,0,0,0,0,0,0,0,0,0,0,0,0,0,0
90,0,0,0,0,0,0,0,0,0,0,0,0,0,0,0,0,0,0,0.0031501,1.96059E-05,1.01246E-05,0.003225832,1.165087062,2.281449109,0,0,0,0,0,0,0.000531892,0,0.033492853,0.001595022,0,0,0,0,0,0,0,0.006645921,0.001597815,0.001198218,0,0,0,0.16318498,0.001997279,0,0.002796194,0.035964617,0,0,0,3.499169722,0,0.605115804,0.013925946,0.48919697,0.538400403,0,0.096596112,0.000799016,0,0,5.652941125,6.516118626,8.091063038,83.09673201,115.5989829,2.706707171,6.11301494,1.858689907,9.363143942,0,1.006866781,0.457786087,0,1.010672165,0.728937987,1.448062145,0.070510596,0.043122202,63.39418147,0.159261046,0,0.517837148,8.601936169,0,0.013966756,0.059448725,4.236145563,42.00536675,0.137617011,0.99374257,35.85221509,298.9355022,27.01370468,0.02570944,55.67035319,0.921617996,0.105774234,5.595343341
91,0,0,0,0,0,0,0,0,0,0,0,0,0,0,0,0,0,0,0.003150047,1.96055E-05,1.01244E-05,0.003225778,0.447691135,2.241919369,0,0,0,0,0,0,0.000531883,0,0.033492289,0.001594995,0,0,0,0,0,0,0,0.006645809,0.000266298,0.0001997,0,0,0,0.163182231,0.000332874,0,0.000466024,0.005994002,0,0,0,0,0,0.868368811,0.001175605,0.110283445,0.304742706,0,0.0057051,0.000133167,0,0,0,0.000922138,0.270753258,20.03477916,57.86299733,0.001380849,1.40245826,0.006352814,0,0,0.023060847,0.038281536,0,0.981153868,0.731225317,2.387471431,9.364821517,0,39.30150214,1.330003282,0,0.012663133,2.180517269,0,0.001984275,0.014228807,2.08709261,13.00144209,0.066948566,0,2.987634256,9.83323901,61.51194917,0.014912576,33.37882222,0,6.20177E-07,0.932541666
92,0,0,0,0,0,0,0,0,0,0,0,0,0,0,0,0,0,0,0,0,0,0,0,0,0,0,0,0,0,0,0,0,0,0,0,0,0,0,0,0,0,0,0,0,0,0,0,0,0,0,0,0,0,0,0,0,0,3.696188542,0.004748395,0.038602304,0.783498719,0,4.85831E-05,0,0,0,0,21.29796565,15.31734108,0.010938774,0.117516115,0,17.48151899,14.85129309,52.43181271,0,0.453527218,1.138913455,0,0,0,0.169992981,0,0.005628473,9.966521768,0.039399243,0,0.450541559,0.109317819,0,0,0.076066257,0.068957703,0,0.005628912,0,0,0,1.34838E-05,149.444165,56.73989774,8.29427827,0,0
93,0,0,0,0.000492675,17.15001461,0.000187884,3.447071852,2.5753E-06,0.003608068,1.272301782,0,0.631383319,0,0.065722052,0,0.000187542,0,0,0.874082322,0.012724912,0.00690083,0.006216182,0.130467765,0.75259132,0,0,0.008200525,0.001324423,0.00520681,0.009959064,0.021965976,0.013288478,0.041277478,0.114521181,2.723464266,0.003020378,0.005080538,0.261202037,0.114296342,1.690689915,0.005278539,0.030408596,0.001778658,0.001963706,0.85116533,1.582663782,0.002188858,0.846256605,0.00286526,0.000910551,2.360111271,0.00508991,8.58799E-05,0,0,2.624028239,0,3.536840668,0.931328588,1.471839362,1.005251905,0,0.280045892,0.000133152,0.013997735,0.951250229,0.001870273,0.006024156,1.502089239,3.932195103,6.324493695,2.693884503,3.847377863,0.123266415,27.14950596,14.86749824,0.243797118,11.1801172,0,1.000117655,0.752942441,1.311061455,1.387299638,5.880349848,5.751277045,1.937442702,0,0.830191025,4.339837031,22.93592738,1.180385018,3.534523045,1.396788749,13.99992662,0.076504303,0,2.987287216,0.983209679,5.39071101,1.480657477,14.17951391,0.921495417,0.06091029,0.932524736
94,0,0,0,0,0,0,0,0,0,0,0,0,0,0,0,0,0,0,0,0,0,0,0,0,0,0,0,0,0,0,0,0,0,0,0,0,0,0,0,0,0,0,0,0,0,0,0,0,0,0,0,0,0,0,0,0,0,0,0,0,0,0,0,0,0,0,0,0,0,0,0,0,0,0,0,0,0,0,0,0,0,0,0,0,0,0,0,0,0,0,0,0,0,0,0,0,0,0,0,0,0,0,0,0
95,0,0,0,2.73698E-05,0.952745898,0.00017616,0.013632076,2E-10,0.000353733,0.00051133,0,0.005440295,0,0.001060421,0,0,0,0,0.002996882,0.000274556,5.42441E-05,0.003158594,0.111003969,0.839936512,0,0.010607205,0.188333932,0.004842443,0.007258297,0.015645754,0.604567588,0.003019092,0.022479739,0.007143073,0.004324522,9.34411E-05,0.001617314,0.004424166,0.007906812,0.020142718,0,0.026103984,1.785482921,0.002437143,0.000426023,0.000540059,6.54942E-05,0.062554935,0.004003871,0.000204867,0.075397943,0.0719172,0,0,0,2.623938203,0,1.200642198,0,37.22500084,10.32593319,0,6.830771151,0.967940414,6.798418361,3.81086639,1.88337915,1.034044673,2.598348306,3.564351718,4.174380804,0.042645348,68.78586277,6.496014401,28.08473214,4.372623386,11.31915796,1.486640897,0,0.990306603,2.204492834,10.21923912,7.676340728,1.012431077,3.718641183,3.250344788,0,1.509623908,10.96657892,0,1.142780219,1.837270216,8.653938462,107.9957283,0.278809982,3.974305221,7.96582591,0,1.318307774,1.503833337,3.341158642,0,16.74667707,11.18881448
96,0,0,0,0,0,0,0,0,0,0,0,0,0,0,0,0,0,0,0,1.93943E-05,0,0,0,0.007892874,0,0,0,0,0,0,0,0,0,0,0,0,0,0,0,0,0,0,0.000266116,0.000199564,0,0,0,0,0.000332647,0,0.000465707,0.005989914,0,0,0,0,0,0.152597071,0.002387145,1.981460237,1.021701904,0,0,11.5900806,9.7068635,0.071914128,0.941186711,0,1.190853298,0,0,9.078E-07,0.262311996,0.000842722,1.871320188,0,0.016686256,0.070854184,0,0,0,0.004060577,0,0.001493783,0.005969879,0,0,1.147450826,0.008954963,0,0.000616703,0,0.005371507,0.999428887,0.000386809,0,0.995198928,0,0.007629258,0,0.00048252,0,0.00072495,0.931905495
